<?xml version="1.0" encoding="utf-8"?>
<extension type="module" version="3.0.0" client="site" method="upgrade">
	<name>EZ Realty Slideshow</name>
	<author>K.J. Strickland - Raptor Developments Pty Ltd</author>
	<creationDate>24th June 2014</creationDate>
	<copyright>(C) 2006-2014 K.J. Strickland - Raptor Developments Pty Ltd</copyright>
	<license>Creative Commons GNU GPL, see http://creativecommons.org/licenses/GPL/2.0/ for full license</license>
	<authorEmail>kathy@raptorservices.com</authorEmail>
	<authorUrl>www.raptorservices.com</authorUrl>
	<version>1.0.3</version>
	<description>
		<![CDATA[
		<h3>About EZ Realty Slideshow Module</h3>
		This is a flexible slideshow module, allowing you to display either the property panorama image, main property image which has been uploaded for the property listings - or you can use static images that you've uploaded to the images/slideshow directory. 
You're able to configure the EZ Realty Panorama Module to display images with a range of features such as:-<br /><br />
		<ul>
			<li>responsive - so it'll adjust to the screen resolution being used</li>
			<li>image overlay - including the choice of new, auction, featured, leased, inspect and sold graphics</li>
			<li>previous/next/pause buttons</li>
			<li>buttons positioned either inside the image boundaries</li>
			<li>configurable image height</li>
			<li>choose from headline, small description or both</li>
			<li>transition effects</li>
		</ul>
		<br />
		When setting up the EZ Realty Slideshow Module - select the type of listings you want to display by using the refinement filters - eg. the listing type, whether to refine by category, country, state, or suburb.<br /><br />
		The EZ Realty Slideshow Module is perfect as a graphic header for your Joomla template too - if you have a suitable module position.<br /><br />
		<h3>Common Questions about the EZ Realty Slideshow Module</h3>
<strong>Q. I don't see any images!  What's wrong?</strong><br />
<i>A. If you've configured the slideshow module to use the panorama image - make sure you've uploaded an image in the panorama image field for at least 1 property listing. The panorama image field is on the resource tab of the add/edit property details form. If you've configured the slideshow module to use images from the slideshow directory - make sure you've created a directory called slideshow in the core Joomla images directory - and make sure you've uploaded some JPG files to it.</i><br /><br />
<strong>Q. The panorama image upload field isn't where you said it would be.</strong><br />
<i>A. Make sure you've enabled use of the panorama image upload field in the EZ Realty configuration settings.</i><br /><br />
<strong>Q. Where do I find the EZ Realty configuration settings?</strong><br />
<i>A. Go into the EZ Realty admin area, look at the icons across the page just below the page title.  You will see one called "Options" - click on it, and that will open up the EZ Realty configuration settings.</i><br /><br />
<strong>Q. How do I change the size of the image output?</strong><br />
<i>A. The EZ Realty slideshow module is responsive - so it spreads out to 100% of the width available to it. You control its height via 2 settings in the slideshow module settings - so read the settings information about them.</i><br /><br />
<strong>Q. It's not working - or it seems to be breaking my Joomla template menu.  How do I fix it?</strong><br />
<i>A. Test out the "Disable jQuery File" setting.  You may need to enable it or disable it - depending on what you've already done to your site.  Make sure you've unpublished other modules while testing this - so that you do not wrongly attribute the problem to the slideshow module.</i>

		]]>
	</description>
	<files>
		<filename module="mod_ezrealty_slideshow">mod_ezrealty_slideshow.php</filename>
		<filename module="mod_ezrealty_slideshow">index.html</filename>
		<folder>assets</folder>
		<folder>tmpl</folder>
	</files>
    <languages folder="language">
		<language tag="en-GB">en-GB.mod_ezrealty_slideshow.ini</language>
    </languages>		
	<config>
		<fields name="params">

			<fieldset name="basic" addfieldpath="components/com_ezrealty/assets/elements">

			<field name="misc_setting" type="ezparamhelper" default="" function="@title" label="MOD_EZREALTY_MISC_SECTION" description="" />

				<field name="listingstype" type="list" default="0" label="MOD_EZREALTY_LISTING_TYPE_TITLE" description="MOD_EZREALTY_LISTING_TYPE_DESC" >
					<option value="0">MOD_EZREALTY_ANY_TYPE</option>
					<option value="1">MOD_EZREALTY_FEATURED</option>
					<option value="2">MOD_EZREALTY_SOLD</option>
					<option value="3">MOD_EZREALTY_OPEN_HOUSE</option>
					<option value="4">MOD_EZREALTY_AUCTIONS</option>
					<option value="5">MOD_EZREALTY_SALE</option>
					<option value="6">MOD_EZREALTY_RENT</option>
					<option value="7">MOD_EZREALTY_LEASE</option>
					<option value="8">MOD_EZREALTY_TENDER</option>
					<option value="9">MOD_EZREALTY_SWAP</option>
					<option value="10">MOD_EZREALTY_SHARE</option>
				</field>

				<field name="listingorder" type="list" default="0" label="MOD_EZREALTY_LISTING_ORDER_TITLE" description="MOD_EZREALTY_LISTING_ORDER_DESC" >
					<option value="0">MOD_EZREALTY_NEWEST</option>
					<option value="1">MOD_EZREALTY_RANDOM</option>
					<option value="2">MOD_EZREALTY_EXPENSIVE</option>
					<option value="3">MOD_EZREALTY_CHEAPEST</option>
				</field>

				<field name="count" type="text" default="20" label="MOD_EZREALTY_TOTAL_TITLE" description="MOD_EZREALTY_TOTAL_DESC" />

			<field name="custom_setting" type="ezparamhelper" default="" function="@title" label="MOD_EZREALTY_CUSTOM_SECTION" description="" />

				<field name="reflistcust1" type="radio" default="0" class="btn-group" label="MOD_EZREALTY_LISTCUST1_TITLE" description="MOD_EZREALTY_LISTCUST1_DESC">
					<option value="0">JNO</option>
					<option value="1">JYES</option>
				</field>

				<field name="listcust1" type="sql" default="" label="MOD_EZREALTY_CUST1_TITLE" description="MOD_EZREALTY_CUST1_DESC" query="SELECT DISTINCT custom1 AS value, custom1 AS listcust1 FROM #__ezrealty WHERE published = 1 AND custom1 != '' ORDER BY custom1" />

			<field name="catg_setting" type="ezparamhelper" default="" function="@title" label="MOD_EZREALTY_CATG_SECTION" description="" />

				<field name="reflistcat" type="radio" default="0" class="btn-group" label="MOD_EZREALTY_LISTCAT_TITLE" description="MOD_EZREALTY_LISTCAT_DESC">
					<option value="0">JNO</option>
					<option value="1">JYES</option>
				</field>

				<field name="listcat" type="sql" default="" label="MOD_EZREALTY_CAT_TITLE" description="MOD_EZREALTY_CAT_DESC" query="SELECT id AS value, name AS listcat FROM #__ezrealty_catg WHERE published = 1 ORDER BY ordering" />

			<field name="suburb_setting" type="ezparamhelper" default="" function="@title" label="MOD_EZREALTY_SUBURB_SECTION" description="" />

				<field name="reflistsuburb" type="radio" default="0" class="btn-group" label="MOD_EZREALTY_LISTSUBURB_TITLE" description="MOD_EZREALTY_LISTSUBURB_DESC">
					<option value="0">JNO</option>
					<option value="1">JYES</option>
				</field>

				<field name="listsuburb" type="sql" default="" label="MOD_EZREALTY_SUBURB_TITLE" description="MOD_EZREALTY_SUBURB_DESC" query="SELECT id AS value, ezcity AS listsuburb FROM #__ezrealty_locality WHERE published = 1 ORDER BY ordering" />

			<field name="state_setting" type="ezparamhelper" default="" function="@title" label="MOD_EZREALTY_STATE_SECTION" description="" />

				<field name="refliststate" type="radio" default="0" class="btn-group" label="MOD_EZREALTY_LISTSTATE_TITLE" description="MOD_EZREALTY_LISTSTATE_DESC">
					<option value="0">JNO</option>
					<option value="1">JYES</option>
				</field>

				<field name="liststate" type="sql" default="" label="MOD_EZREALTY_STATE_TITLE" description="MOD_EZREALTY_STATE_DESC" query="SELECT id AS value, name AS liststate FROM #__ezrealty_state WHERE published = 1 ORDER BY ordering" />

			<field name="country_setting" type="ezparamhelper" default="" function="@title" label="MOD_EZREALTY_COUNTRY_SECTION" description="" />

				<field name="reflistcountry" type="radio" default="0" class="btn-group" label="MOD_EZREALTY_LISTCOUNTRY_TITLE" description="MOD_EZREALTY_LISTCOUNTRY_DESC">
					<option value="0">JNO</option>
					<option value="1">JYES</option>
				</field>

				<field name="listcountry" type="sql" default="" label="MOD_EZREALTY_COUNTRY_TITLE" description="MOD_EZREALTY_COUNTRY_DESC" query="SELECT id AS value, name AS listcountry FROM #__ezrealty_country WHERE published = 1 ORDER BY ordering" />

			<field name="content_setting" type="ezparamhelper" default="" function="@title" label="MOD_EZREALTY_CONTENT_SECTION" description="" />

				<field name="listinginfo" type="list" default="0" label="MOD_EZREALTY_TITLE_SOURCE_TITLE" description="MOD_EZREALTY_TITLE_SOURCE_DESC" >
					<option value="0">MOD_EZREALTY_TITLEDESC</option>
					<option value="1">MOD_EZREALTY_TITLEONLY</option>
					<option value="2">MOD_EZREALTY_DESCONLY</option>
					<option value="3">MOD_EZREALTY_NONE</option>
				</field>

				<field name="titlesize" type="radio" default="0" class="btn-group" label="MOD_EZREALTY_TITLE_SIZE" description="MOD_EZREALTY_TITLE_SIZE_DESC">
					<option value="0">MOD_EZREALTY_LARGE</option>
					<option value="1">MOD_EZREALTY_SMALL</option>
				</field>


			<field name="image_setting" type="ezparamhelper" default="" function="@title" label="MOD_EZREALTY_IMAGE_SECTION" description="" />

				<field name="imgsource" type="list" default="0" label="MOD_EZREALTY_IMAGE_SOURCE_TITLE" description="MOD_EZREALTY_IMAGE_SOURCE_DESC" >
					<option value="0">MOD_EZREALTY_MAIN_IMG</option>
					<option value="1">MOD_EZREALTY_PANORAMA_IMG</option>
					<option value="2">MOD_EZREALTY_SLIDESHOW_IMG</option>
				</field>


				<field name="height" type="text" default="50%" label="MOD_EZREALTY_SLIDESHOW_HEIGHT" description="MOD_EZREALTY_SLIDESHOW_HEIGHT_DESC"/>

				<field name="minHeight" type="text" default="200px" label="MOD_EZREALTY_SLIDESHOW_LOADER_MIN_HEIGHT" description="MOD_EZREALTY_SLIDESHOW_LOADER_MIN_HEIGHT_DESC"/>

				<field name="imgoverlay" type="list" default="" label="MOD_EZREALTY_IMAGE_OVERLAY_TITLE" description="MOD_EZREALTY_IMAGE_OVERLAY_DESC" >
					<option value="">MOD_EZREALTY_OVERLAY_SELECT</option>
					<option value="new">MOD_EZREALTY_OVERLAY_NEW</option>
					<option value="auction">MOD_EZREALTY_OVERLAY_AUCTION</option>
					<option value="featured">MOD_EZREALTY_OVERLAY_FEATURED</option>
					<option value="leased">MOD_EZREALTY_OVERLAY_LEASED</option>
					<option value="sold">MOD_EZREALTY_OVERLAY_SOLD</option>
					<option value="inspect">MOD_EZREALTY_OVERLAY_INSPECT</option>
				</field>

			<field name="file_setting" type="ezparamhelper" default="" function="@title" label="MOD_EZREALTY_FILE_SECTION" description="" />

					<field name="loader" type="list" default="pie" label="MOD_EZREALTY_SLIDESHOW_LOADER" description="MOD_EZREALTY_SLIDESHOW_LOADER_DESC">
						<option value="pie">pie</option>
						<option value="bar">bar</option>
						<option value="none">none</option>
					</field>
					<field name="loaderColor" type="text" default="#eeeeee" label="MOD_EZREALTY_SLIDESHOW_LOADER_COLOR" description="MOD_EZREALTY_SLIDESHOW_LOADER_COLOR_DESC"/>
					
					<field name="loaderBgColor" type="text" default="#222222" label="MOD_EZREALTY_SLIDESHOW_LOADER_BG_COLOR" description="MOD_EZREALTY_SLIDESHOW_LOADER_COLOR_DESC"/>

					<field name="loaderOpacity" type="text" default=".8" label="MOD_EZREALTY_SLIDESHOW_LOADER_OPACITY" description="MOD_EZREALTY_SLIDESHOW_LOADER_OPACITY_DESC"/>

					<field name="time" type="text" default="7000" label="MOD_EZREALTY_SLIDESHOW_TIME" description="MOD_EZREALTY_SLIDESHOW_TIME_DESC"/>

					<field name="transperiod" type="text" default="1500" label="MOD_EZREALTY_SLIDESHOW_TRANS_PERIOD" description="MOD_EZREALTY_SLIDESHOW_TRANS_PERIOD"/>		

					<field name="easing" type="list" default="easeInOutExpo" label="MOD_EZREALTY_SLIDESHOW_EASING" description="MOD_EZREALTY_SLIDESHOW_EASING_DESC">
						<option value="linear">linear</option>
						<option value="swing">swing</option>
						<option value="easeInQuad">easeInQuad</option>
						<option value="easeOutQuad">easeOutQuad</option>
						<option value="easeInOutQuad">easeInOutQuad</option>
						<option value="easeInCubic">easeInCubic</option>
						<option value="easeOutCubic">easeOutCubic</option>
						<option value="easeInOutCubic">easeInOutCubic</option>
						<option value="easeInQuart">easeInQuart</option>
						<option value="easeOutQuart">easeOutQuart</option>
						<option value="easeInOutQuart">easeInOutQuart</option>
						<option value="easeInQuint">easeInQuint</option>
						<option value="easeOutQuint">easeOutQuint</option>
						<option value="easeInOutQuint">easeInOutQuint</option>
						<option value="easeInSine">easeInSine</option>
						<option value="easeOutSine">easeOutSine</option>
						<option value="easeInOutSine">easeInOutSine</option>
						<option value="easeInExpo">easeInExpo</option>
						<option value="easeOutExpo">easeOutExpo</option>
						<option value="easeInOutExpo">easeInOutExpo</option>
						<option value="easeInCirc">easeInCirc</option>
						<option value="easeOutCirc">easeOutCirc</option>
						<option value="easeInOutCirc">easeInOutCirc</option>
						<option value="easeInElastic">easeInElastic</option>
						<option value="easeOutElastic">easeOutElastic</option>
						<option value="easeInOutElastic">easeInOutElastic</option>
						<option value="easeInBack">easeInBack</option>
						<option value="easeOutBack">easeOutBack</option>
						<option value="easeInOutBack">easeInOutBack</option>
						<option value="easeInBounce">easeInBounce</option>
						<option value="easeOutBounce">easeOutBounce</option>
						<option value="easeInOutBounce">easeInOutBounce</option>
					</field>

					<field name="fx" type="list" default="random" label="MOD_EZREALTY_SLIDESHOW_FX" description="MOD_EZREALTY_SLIDESHOW_FX_DESC">
						<option value="random">random</option>
						<option value="simpleFade">simpleFade</option>
						<option value="curtainTopLeft">curtainTopLeft</option>
						<option value="curtainTopRight">curtainTopRight</option>
						<option value="curtainBottomLeft">curtainBottomLeft</option>
						<option value="curtainBottomRight">curtainBottomRight</option>
						<option value="curtainSliceLeft">curtainSliceLeft</option>
						<option value="curtainSliceRight">curtainSliceRight</option>
						<option value="blindCurtainTopLeft">blindCurtainTopLeft</option>
						<option value="blindCurtainTopRight">blindCurtainTopRight</option>
						<option value="blindCurtainBottomLeft">blindCurtainBottomLeft</option>
						<option value="blindCurtainBottomRight">blindCurtainBottomRight</option>
						<option value="blindCurtainSliceBottom">blindCurtainSliceBottom</option>
						<option value="blindCurtainSliceTop">blindCurtainSliceTop</option>
						<option value="stampede">stampede</option>
						<option value="mosaic">mosaic</option>
						<option value="mosaicReverse">mosaicReverse</option>
						<option value="mosaicRandom">mosaicRandom</option>
						<option value="mosaicSpiral">mosaicSpiral</option>
						<option value="mosaicSpiralReverse">mosaicSpiralReverse</option>
						<option value="topLeftBottomRight">topLeftBottomRight</option>
						<option value="bottomRightTopLeft">bottomRightTopLeft</option>
						<option value="bottomLeftTopRight">bottomLeftTopRight</option>
						<option value="bottomLeftTopRight">bottomLeftTopRight</option>
					</field>




				<field name="disjquery" type="radio" default="0" class="btn-group" label="MOD_EZREALTY_DISABLE_JQUERY_TITLE" description="MOD_EZREALTY_DISABLE_JQUERY_DESC">
					<option value="0">JNO</option>
					<option value="1">JYES</option>
				</field>





			</fieldset>

			<fieldset name="advanced">

				<field name="layout" type="modulelayout" label="JFIELD_ALT_LAYOUT_LABEL" description="JFIELD_ALT_MODULE_LAYOUT_DESC" />

				<field name="moduleclass_sfx" type="text" label="COM_MODULES_FIELD_MODULECLASS_SFX_LABEL" description="COM_MODULES_FIELD_MODULECLASS_SFX_DESC" />

				<field name="cache" type="list" default="1" label="COM_MODULES_FIELD_CACHING_LABEL" description="COM_MODULES_FIELD_CACHING_DESC">
					<option value="1">JGLOBAL_USE_GLOBAL</option>
					<option value="0">COM_MODULES_FIELD_VALUE_NOCACHING</option>
				</field>

				<field name="cache_time" type="text" default="900" label="COM_MODULES_FIELD_CACHE_TIME_LABEL" description="COM_MODULES_FIELD_CACHE_TIME_DESC" />

				<field name="cachemode" type="hidden" default="itemid">
					<option value="itemid"></option>
				</field>

			</fieldset>
		</fields>
	</config>
</extension>
