<?xml version="1.0" encoding="UTF-8" ?>
<extension type="package" version="3.0">
  <name>Realty Bookings Lite Package</name>
  <author>Kathy Strickland</author>
  <creationDate>7th August 2014</creationDate>
  <packagename>realtybookings</packagename>
  <version>2.2.0 Lite</version>
  <url>http://www.raptorservices.com</url>
  <packager>Raptor Services</packager>
  <packagerurl>http://www.raptorservices.com</packagerurl>
  <description>The Realty Bookings system to manage an availability calendar for EZ Realty running on Joomla! 3x</description>
  <files folder="packages">
    <file type="component" id="com_realtybookings">com_realtybookings_2.2.0_lite.zip</file>
  </files>
</extension>