<?xml version="1.0" encoding="utf-8"?>
<extension type="module" version="3.0.0" client="site" method="upgrade">
	<name>EZ Realty Accordion</name>
	<author>K.J. Strickland - Raptor Developments Pty Ltd</author>
	<creationDate>24th June 2014</creationDate>
	<copyright>(C) 2006-2014 K.J. Strickland - Raptor Developments Pty Ltd</copyright>
	<license>Creative Commons GNU GPL, see http://creativecommons.org/licenses/GPL/2.0/ for full license</license>
	<authorEmail>kathy@raptorservices.com</authorEmail>
	<authorUrl>www.raptorservices.com</authorUrl>
	<version>1.0.2</version>
	<description>
		<![CDATA[
		<h3>About EZ Realty Accordion Module</h3>
		This module shows the property listings in a vertical orientation content accordion.  The accordion will cycle through each of the property listings automatically - and will slide each pane open. 
You're able to configure the EZ Realty Accordion Module to display images and information with a range of features such as:-<br /><br />
		<ul>
			<li>define the title source</li>
			<li>define the descriptive text source, and how much to display</li>
			<li>choose the image source - eg. thumbnail, main image or panorama image - as well as the width for that image</li>
			<li>configure the display div height - which may be necessary depending on the size of images displayed, and the amount of descriptive text used.</li>
		</ul>
		<br />
		When setting up the EZ Realty Accordion Module - select the type of listings you want to display by using the refinement filters - eg. the listing type, whether to refine by category, country, state, or suburb.<br /><br />
		<h3>Common Questions about the EZ Realty Accordion Module</h3>
<strong>Q. What's the best module position to use for the accordion module?</strong><br />
<i>A. Select a module position with sufficient display width across the page for what you're showing on the page.  In most cases - a module position above or below the main page content is best - however you could use a sidebar position if just showing images in the accordion.  It really depends - so take all of these things into consideration.</i><br /><br />

<strong>Q. Why don't I see anything - it's published?</strong><br />
<i>A. Recheck your settings - and then check the listings you've created.  After all - if you configure the module to use the panorama image - but havn't uploaded a panorama image for the property listings - then you won't see anything on the page output.</i><br /><br />

<strong>Q. It's not working - or it seems to be breaking my Joomla template menu.  How do I fix it?</strong><br />
<i>A. Test out the "Disable jQuery File" setting.  You may need to enable it or disable it - depending on what you've already done to your site.  Make sure you've unpublished other modules while testing this - so that you do not wrongly attribute the problem to the accordion module.</i>

<strong>Q. Why aren't all of the listings being displayed?  I configured it to show 30 listings - but there are only 20 being displayed.</strong><br />
<i>A. The accordion module has a maximum display limit of 20.  So, it will only show that number regardless of how many you enter into the total listings setting.  If there are fewer - then that's probably all the listings that are available on your site.</i>

		]]>
	</description>


	<files>
		<filename module="mod_ezrealty_accordion">mod_ezrealty_accordion.php</filename>
		<filename module="mod_ezrealty_accordion">index.html</filename>
		<folder>assets</folder>
		<folder>tmpl</folder>
	</files>
    <languages folder="language">
		<language tag="en-GB">en-GB.mod_ezrealty_accordion.ini</language>
    </languages>		
	<config>
		<fields name="params">

			<fieldset name="basic" addfieldpath="components/com_ezrealty/assets/elements">

			<field name="misc_setting" type="ezparamhelper" default="" function="@title" label="MOD_EZREALTY_MISC_SECTION" description="" />

				<field name="listingstype" type="list" default="0" label="MOD_EZREALTY_LISTING_TYPE_TITLE" description="MOD_EZREALTY_LISTING_TYPE_DESC" >
					<option value="0">MOD_EZREALTY_ANY_TYPE</option>
					<option value="1">MOD_EZREALTY_FEATURED</option>
					<option value="2">MOD_EZREALTY_SOLD</option>
					<option value="3">MOD_EZREALTY_OPEN_HOUSE</option>
					<option value="4">MOD_EZREALTY_AUCTIONS</option>
					<option value="5">MOD_EZREALTY_SALE</option>
					<option value="6">MOD_EZREALTY_RENT</option>
					<option value="7">MOD_EZREALTY_LEASE</option>
					<option value="8">MOD_EZREALTY_TENDER</option>
					<option value="9">MOD_EZREALTY_SWAP</option>
					<option value="10">MOD_EZREALTY_SHARE</option>
				</field>

				<field name="listingorder" type="list" default="0" label="MOD_EZREALTY_LISTING_ORDER_TITLE" description="MOD_EZREALTY_LISTING_ORDER_DESC" >
					<option value="0">MOD_EZREALTY_NEWEST</option>
					<option value="1">MOD_EZREALTY_RANDOM</option>
					<option value="2">MOD_EZREALTY_EXPENSIVE</option>
					<option value="3">MOD_EZREALTY_CHEAPEST</option>
				</field>

				<field name="count" type="text" default="20" label="MOD_EZREALTY_TOTAL_TITLE" description="MOD_EZREALTY_TOTAL_DESC" />

			<field name="custom_setting" type="ezparamhelper" default="" function="@title" label="MOD_EZREALTY_CUSTOM_SECTION" description="" />

				<field name="reflistcust1" type="radio" default="0" class="btn-group" label="MOD_EZREALTY_LISTCUST1_TITLE" description="MOD_EZREALTY_LISTCUST1_DESC">
					<option value="0">JNO</option>
					<option value="1">JYES</option>
				</field>

				<field name="listcust1" type="sql" default="" label="MOD_EZREALTY_CUST1_TITLE" description="MOD_EZREALTY_CUST1_DESC" query="SELECT DISTINCT custom1 AS value, custom1 AS listcust1 FROM #__ezrealty WHERE published = 1 AND custom1 != '' ORDER BY custom1" />

			<field name="catg_setting" type="ezparamhelper" default="" function="@title" label="MOD_EZREALTY_CATG_SECTION" description="" />

				<field name="reflistcat" type="radio" default="0" class="btn-group" label="MOD_EZREALTY_LISTCAT_TITLE" description="MOD_EZREALTY_LISTCAT_DESC">
					<option value="0">JNO</option>
					<option value="1">JYES</option>
				</field>

				<field name="listcat" type="sql" default="" label="MOD_EZREALTY_CAT_TITLE" description="MOD_EZREALTY_CAT_DESC" query="SELECT id AS value, name AS listcat FROM #__ezrealty_catg WHERE published = 1 ORDER BY ordering" />

			<field name="suburb_setting" type="ezparamhelper" default="" function="@title" label="MOD_EZREALTY_SUBURB_SECTION" description="" />

				<field name="reflistsuburb" type="radio" default="0" class="btn-group" label="MOD_EZREALTY_LISTSUBURB_TITLE" description="MOD_EZREALTY_LISTSUBURB_DESC">
					<option value="0">JNO</option>
					<option value="1">JYES</option>
				</field>

				<field name="listsuburb" type="sql" default="" label="MOD_EZREALTY_SUBURB_TITLE" description="MOD_EZREALTY_SUBURB_DESC" query="SELECT id AS value, ezcity AS listsuburb FROM #__ezrealty_locality WHERE published = 1 ORDER BY ordering" />

			<field name="state_setting" type="ezparamhelper" default="" function="@title" label="MOD_EZREALTY_STATE_SECTION" description="" />

				<field name="refliststate" type="radio" default="0" class="btn-group" label="MOD_EZREALTY_LISTSTATE_TITLE" description="MOD_EZREALTY_LISTSTATE_DESC">
					<option value="0">JNO</option>
					<option value="1">JYES</option>
				</field>

				<field name="liststate" type="sql" default="" label="MOD_EZREALTY_STATE_TITLE" description="MOD_EZREALTY_STATE_DESC" query="SELECT id AS value, name AS liststate FROM #__ezrealty_state WHERE published = 1 ORDER BY ordering" />

			<field name="country_setting" type="ezparamhelper" default="" function="@title" label="MOD_EZREALTY_COUNTRY_SECTION" description="" />

				<field name="reflistcountry" type="radio" default="0" class="btn-group" label="MOD_EZREALTY_LISTCOUNTRY_TITLE" description="MOD_EZREALTY_LISTCOUNTRY_DESC">
					<option value="0">JNO</option>
					<option value="1">JYES</option>
				</field>

				<field name="listcountry" type="sql" default="" label="MOD_EZREALTY_COUNTRY_TITLE" description="MOD_EZREALTY_COUNTRY_DESC" query="SELECT id AS value, name AS listcountry FROM #__ezrealty_country WHERE published = 1 ORDER BY ordering" />

			<field name="content_setting" type="ezparamhelper" default="" function="@title" label="MOD_EZREALTY_CONTENT_SECTION" description="" />

				<field name="titlesource" type="list" default="1" label="MOD_EZREALTY_TITLE_SOURCE_TITLE" description="MOD_EZREALTY_TITLE_SOURCE_DESC">
					<option value="0">MOD_EZREALTY_SUBURB_PRICE</option>
					<option value="1">MOD_EZREALTY_SUBURB_AND_PRICE</option>
					<option value="2">MOD_EZREALTY_HEADLINE</option>
				</field>

				<field name="textsource" type="list" default="1" label="MOD_EZREALTY_TEXT_SOURCE_TITLE" description="MOD_EZREALTY_TEXT_SOURCE_DESC" >
					<option value="0">MOD_EZREALTY_NO_DESCRIPTION</option>
					<option value="1">MOD_EZREALTY_SMALL_DESCRIPTION</option>
					<option value="2">MOD_EZREALTY_FULL_DESCRIPTION</option>
				</field>

				<field name="textlength" type="text" default="250" label="MOD_EZREALTY_TEXT_LENGTH_TITLE" description="MOD_EZREALTY_TEXT_LENGTH_DESC" />

				<field name="contentheight" type="text" default="250" label="MOD_EZREALTY_CONTENT_HEIGHT_TITLE" description="MOD_EZREALTY_CONTENT_HEIGHT_DESC" />

			<field name="image_setting" type="ezparamhelper" default="" function="@title" label="MOD_EZREALTY_IMAGE_SECTION" description="" />

				<field name="imgsource" type="list" default="0" label="MOD_EZREALTY_IMAGE_SOURCE_TITLE" description="MOD_EZREALTY_IMAGE_SOURCE_DESC" >
					<option value="0">MOD_EZREALTY_THUMBNAIL_IMG</option>
					<option value="1">MOD_EZREALTY_MAIN_IMG</option>
					<option value="2">MOD_EZREALTY_PANORAMA_IMG</option>
				</field>

				<field name="imgwidth" type="list" default="3" label="MOD_EZREALTY_BOOTSTRAP_IMGWIDTH_TITLE" description="MOD_EZREALTY_BOOTSTRAP_IMGWIDTH_DESC" >
					<option value="1">1</option>
					<option value="2">2</option>
					<option value="3">3</option>
					<option value="4">4</option>
					<option value="5">5</option>
					<option value="6">6</option>
					<option value="7">7</option>
					<option value="8">8</option>
					<option value="9">9</option>
					<option value="10">10</option>
					<option value="11">11</option>
					<option value="12">12</option>
				</field>

			<field name="file_setting" type="ezparamhelper" default="" function="@title" label="MOD_EZREALTY_FILE_SECTION" description="" />

				<field name="disjquery" type="radio" default="0" class="btn-group" label="MOD_EZREALTY_DISABLE_JQUERY_TITLE" description="MOD_EZREALTY_DISABLE_JQUERY_DESC">
					<option value="0">JNO</option>
					<option value="1">JYES</option>
				</field>


			</fieldset>

			<fieldset name="advanced">

				<field name="layout" type="modulelayout" label="JFIELD_ALT_LAYOUT_LABEL" description="JFIELD_ALT_MODULE_LAYOUT_DESC" />

				<field name="moduleclass_sfx" type="text" label="COM_MODULES_FIELD_MODULECLASS_SFX_LABEL" description="COM_MODULES_FIELD_MODULECLASS_SFX_DESC" />

				<field name="cache" type="list" default="1" label="COM_MODULES_FIELD_CACHING_LABEL" description="COM_MODULES_FIELD_CACHING_DESC">
					<option value="1">JGLOBAL_USE_GLOBAL</option>
					<option value="0">COM_MODULES_FIELD_VALUE_NOCACHING</option>
				</field>

				<field name="cache_time" type="text" default="900" label="COM_MODULES_FIELD_CACHE_TIME_LABEL" description="COM_MODULES_FIELD_CACHE_TIME_DESC" />

				<field name="cachemode" type="hidden" default="itemid">
					<option value="itemid"></option>
				</field>

			</fieldset>
		</fields>
	</config>
</extension>
