<?xml version="1.0" encoding="utf-8"?>
<extension type="module" version="3.0.0" client="site" method="upgrade">
	<name>EZ Realty Patchwork</name>
	<author>K.J. Strickland - Raptor Developments Pty Ltd</author>
	<creationDate>24th June 2014</creationDate>
	<copyright>(C) 2006-2014 K.J. Strickland - Raptor Developments Pty Ltd</copyright>
	<license>Creative Commons GNU GPL, see http://creativecommons.org/licenses/GPL/2.0/ for full license</license>
	<authorEmail>kathy@raptorservices.com</authorEmail>
	<authorUrl>www.raptorservices.com</authorUrl>
	<version>3.0.4</version>
	<description>
		<![CDATA[
		<h3>About EZ Realty Patchwork Module</h3>
		This is a slick slide-in pop-up wall of property listings designed to have its display triggered when you reach the end of the page. 
You're able to configure the EZ Realty Patchwork Module to display images and information with a range of features such as:-<br /><br />
		<ul>
			<li>define the length of the title or description</li>
			<li>set the image size</li>
			<li>define the content span</li>
		</ul>
		<br />
		When setting up the EZ Realty Patchwork Module - select the type of listings you want to display by using the refinement filters - eg. the listing type, whether to refine by category, country, state, or suburb.<br /><br />
		<h3>Common Questions about the EZ Realty Patchwork Module</h3>
<strong>Q. What's the best module position to use for the patchwork module?</strong><br />
<i>A. Use the "debug" module position.  This is the very last position on the page and doesn't normally display output - which provides the perfect place to position the patchwork module so that it's display triggers when you reach the end of the page.</i><br /><br />
<strong>Q. It's not working - or it seems to be breaking my Joomla template menu.  How do I fix it?</strong><br />
<i>A. Test out the "Disable jQuery File" setting.  You may need to enable it or disable it - depending on what you've already done to your site.  Make sure you've unpublished other modules while testing this - so that you do not wrongly attribute the problem to the patchwork module.</i>

		]]>
	</description>
	<files>
		<filename module="mod_ezrealty_patchwork">mod_ezrealty_patchwork.php</filename>
		<filename module="mod_ezrealty_patchwork">index.html</filename>
		<folder>assets</folder>
		<folder>tmpl</folder>
	</files>
    <languages folder="language">
		<language tag="en-GB">en-GB.mod_ezrealty_patchwork.ini</language>
    </languages>

	<config>
		<fields name="params">

			<fieldset name="basic" addfieldpath="components/com_ezrealty/assets/elements">

			<field name="misc_setting" type="ezparamhelper" default="" function="@title" label="MOD_EZREALTY_MISC_SECTION" description="" />

				<field name="listingstype" type="list" default="0" label="MOD_EZREALTY_LISTING_TYPE_TITLE" description="MOD_EZREALTY_LISTING_TYPE_DESC" >
					<option value="0">MOD_EZREALTY_ANY_TYPE</option>
					<option value="1">MOD_EZREALTY_FEATURED</option>
					<option value="2">MOD_EZREALTY_SOLD</option>
					<option value="3">MOD_EZREALTY_OPEN_HOUSE</option>
					<option value="4">MOD_EZREALTY_AUCTIONS</option>
					<option value="5">MOD_EZREALTY_SALE</option>
					<option value="6">MOD_EZREALTY_RENT</option>
					<option value="7">MOD_EZREALTY_LEASE</option>
					<option value="8">MOD_EZREALTY_TENDER</option>
					<option value="9">MOD_EZREALTY_SWAP</option>
					<option value="10">MOD_EZREALTY_SHARE</option>
				</field>

				<field name="listingorder" type="list" default="0" label="MOD_EZREALTY_LISTING_ORDER_TITLE" description="MOD_EZREALTY_LISTING_ORDER_DESC" >
					<option value="0">MOD_EZREALTY_NEWEST</option>
					<option value="1">MOD_EZREALTY_RANDOM</option>
					<option value="2">MOD_EZREALTY_EXPENSIVE</option>
					<option value="3">MOD_EZREALTY_CHEAPEST</option>
				</field>

				<field name="count" type="text" default="20" label="MOD_EZREALTY_TOTAL_TITLE" description="MOD_EZREALTY_TOTAL_DESC" />

			<field name="custom_setting" type="ezparamhelper" default="" function="@title" label="MOD_EZREALTY_CUSTOM_SECTION" description="" />

				<field name="reflistcust1" type="radio" default="0" class="btn-group" label="MOD_EZREALTY_LISTCUST1_TITLE" description="MOD_EZREALTY_LISTCUST1_DESC">
					<option value="0">JNO</option>
					<option value="1">JYES</option>
				</field>

				<field name="listcust1" type="sql" default="" label="MOD_EZREALTY_CUST1_TITLE" description="MOD_EZREALTY_CUST1_DESC" query="SELECT DISTINCT custom1 AS value, custom1 AS listcust1 FROM #__ezrealty WHERE published = 1 AND custom1 != '' ORDER BY custom1" />

			<field name="catg_setting" type="ezparamhelper" default="" function="@title" label="MOD_EZREALTY_CATG_SECTION" description="" />

				<field name="reflistcat" type="radio" default="0" class="btn-group" label="MOD_EZREALTY_LISTCAT_TITLE" description="MOD_EZREALTY_LISTCAT_DESC">
					<option value="0">JNO</option>
					<option value="1">JYES</option>
				</field>

				<field name="listcat" type="sql" default="" label="MOD_EZREALTY_CAT_TITLE" description="MOD_EZREALTY_CAT_DESC" query="SELECT id AS value, name AS listcat FROM #__ezrealty_catg WHERE published = 1 ORDER BY ordering" />

			<field name="suburb_setting" type="ezparamhelper" default="" function="@title" label="MOD_EZREALTY_SUBURB_SECTION" description="" />

				<field name="reflistsuburb" type="radio" default="0" class="btn-group" label="MOD_EZREALTY_LISTSUBURB_TITLE" description="MOD_EZREALTY_LISTSUBURB_DESC">
					<option value="0">JNO</option>
					<option value="1">JYES</option>
				</field>

				<field name="listsuburb" type="sql" default="" label="MOD_EZREALTY_SUBURB_TITLE" description="MOD_EZREALTY_SUBURB_DESC" query="SELECT id AS value, ezcity AS listsuburb FROM #__ezrealty_locality WHERE published = 1 ORDER BY ordering" />

			<field name="state_setting" type="ezparamhelper" default="" function="@title" label="MOD_EZREALTY_STATE_SECTION" description="" />

				<field name="refliststate" type="radio" default="0" class="btn-group" label="MOD_EZREALTY_LISTSTATE_TITLE" description="MOD_EZREALTY_LISTSTATE_DESC">
					<option value="0">JNO</option>
					<option value="1">JYES</option>
				</field>

				<field name="liststate" type="sql" default="" label="MOD_EZREALTY_STATE_TITLE" description="MOD_EZREALTY_STATE_DESC" query="SELECT id AS value, name AS liststate FROM #__ezrealty_state WHERE published = 1 ORDER BY ordering" />

			<field name="country_setting" type="ezparamhelper" default="" function="@title" label="MOD_EZREALTY_COUNTRY_SECTION" description="" />

				<field name="reflistcountry" type="radio" default="0" class="btn-group" label="MOD_EZREALTY_LISTCOUNTRY_TITLE" description="MOD_EZREALTY_LISTCOUNTRY_DESC">
					<option value="0">JNO</option>
					<option value="1">JYES</option>
				</field>

				<field name="listcountry" type="sql" default="" label="MOD_EZREALTY_COUNTRY_TITLE" description="MOD_EZREALTY_COUNTRY_DESC" query="SELECT id AS value, name AS listcountry FROM #__ezrealty_country WHERE published = 1 ORDER BY ordering" />

			<field name="content_setting" type="ezparamhelper" default="" function="@title" label="MOD_EZREALTY_CONTENT_SECTION" description="" />

				<field name="titlelength" type="text" default="40" label="MOD_EZREALTY_TITLE_LENGTH_TITLE" description="MOD_EZREALTY_TITLE_LENGTH_DESC" />

				<field name="textlength" type="text" default="250" label="MOD_EZREALTY_TEXT_LENGTH_TITLE" description="MOD_EZREALTY_TEXT_LENGTH_DESC" />

			<field name="image_setting" type="ezparamhelper" default="" function="@title" label="MOD_EZREALTY_IMAGE_SECTION" description="" />

				<field name="imgwidth" type="text" default="90" label="MOD_EZREALTY_IMAGE_WIDTH_TITLE" description="MOD_EZREALTY_IMAGE_WIDTH_DESC" />

				<field name="imgheight" type="text" default="60" label="MOD_EZREALTY_IMAGE_HEIGHT_TITLE" description="MOD_EZREALTY_IMAGE_HEIGHT_DESC" />


			<field name="patchwork_setting" type="ezparamhelper" default="" function="@title" label="MOD_EZREALTY_PATCHWORK_SECTION" description="" />

				<field name="divwidth" type="text" default="330" label="MOD_EZREALTY_DIV_WIDTH_TITLE" description="MOD_EZREALTY_DIV_WIDTH_DESC" />

				<field name="divheight" type="text" default="180" label="MOD_EZREALTY_DIV_HEIGHT_TITLE" description="MOD_EZREALTY_DIV_HEIGHT_DESC" />


			<field name="file_setting" type="ezparamhelper" default="" function="@title" label="MOD_EZREALTY_FILE_SECTION" description="" />

				<field name="disjquery" type="radio" default="0" class="btn-group" label="MOD_EZREALTY_DISABLE_JQUERY_TITLE" description="MOD_EZREALTY_DISABLE_JQUERY_DESC">
					<option value="0">JNO</option>
					<option value="1">JYES</option>
				</field>

			</fieldset>

			<fieldset name="advanced">

				<field name="layout" type="modulelayout" label="JFIELD_ALT_LAYOUT_LABEL" description="JFIELD_ALT_MODULE_LAYOUT_DESC" />

				<field name="moduleclass_sfx" type="text" label="COM_MODULES_FIELD_MODULECLASS_SFX_LABEL" description="COM_MODULES_FIELD_MODULECLASS_SFX_DESC" />

				<field name="cache" type="list" default="1" label="COM_MODULES_FIELD_CACHING_LABEL" description="COM_MODULES_FIELD_CACHING_DESC">
					<option value="1">JGLOBAL_USE_GLOBAL</option>
					<option value="0">COM_MODULES_FIELD_VALUE_NOCACHING</option>
				</field>

				<field name="cache_time" type="text" default="900" label="COM_MODULES_FIELD_CACHE_TIME_LABEL" description="COM_MODULES_FIELD_CACHE_TIME_DESC" />

				<field name="cachemode" type="hidden" default="itemid">
					<option value="itemid"></option>
				</field>

			</fieldset>
		</fields>
	</config>
</extension>

