<?xml version="1.0" encoding="utf-8"?>
<extension type="module" version="3.0.0" client="site" method="upgrade">
	<name>EZ Realty MultiDisplay of Listings</name>
	<author>K.J. Strickland - Raptor Developments Pty Ltd</author>
	<creationDate>24th June 2014</creationDate>
	<copyright>(C) 2006-2014 K.J. Strickland - Raptor Developments Pty Ltd</copyright>
	<license>Creative Commons GNU GPL, see http://creativecommons.org/licenses/GPL/2.0/ for full license</license>
	<authorEmail>kathy@raptorservices.com</authorEmail>
	<authorUrl>www.raptorservices.com</authorUrl>
	<version>3.0.7</version>
	<description>
		<![CDATA[
		<h3>About EZ Realty Multidisplay Module</h3>
		This is a flexible property listings module, allowing you to display property listings in a range of formats - eg. plain thumbnails - or images in combination with property information. 
You're able to configure the EZ Realty Multidisplay Module to showcase your property listings in the following ways:-<br /><br />
		<ul>
			<li>show images in a vertical or horizontal display - or in a multi-row/column output</li>
			<li>include a title above or below the image</li>
			<li>select from thumbnail, main image or panorama image</li>
			<li>add a configurable amount of descriptive text to the image</li>
			<li>configurable image dimensions</li>
			<li>delay image loading with the lazyloader system</li>
			<li>use popup image previews</li>
		</ul>
		<br />
		When setting up the EZ Realty Multidisplay Module - select the type of listings you want to display by using the refinement filters - eg. the listing type, whether to refine by category, country, state, or suburb.<br /><br />
		Then - decide where the module is to be displayed, and based on the space available - begin to define the settings for images and information - so you get a well-balanced page. The EZ Realty multidisplay module is perfect for templates which have a tabbed page feature - as you can assign a multidisplay module to each of the tabbed pages.<br /><br />
		<h3>Common Questions about the EZ Realty Multidisplay Module</h3>
<strong>Q. Why are the images running off the page?</strong><br />
<i>A. Check how many listings you've configured to display - and also check the column count.  The column count controls how many items are displayed across the page - so if you have a narrow module position and a big column count - then you may need to change the column count to 1.</i><br /><br />
<strong>Q. I don't see any listings?</strong><br />
<i>A. If you've used the refinement filters to display a certain type of listing - make sure you actually have some listings that meet the specified parameters.</i><br /><br />
<strong>Q. I don't see any images!  What's wrong?</strong><br />
<i>A. Check which image source you're using.  If you've configured the multidisplay module to use the panorama image - make sure you've uploaded an image in the panorama image field for at least 1 property listing. The panorama image field is on the resource tab of the add/edit property details form.</i><br /><br />
<strong>Q. The panorama image upload field isn't where you said it would be.</strong><br />
<i>A. Make sure you've enabled use of the panorama image upload field in the EZ Realty configuration settings.</i><br /><br />
<strong>Q. Where do I find the EZ Realty configuration settings?</strong><br />
<i>A. Go into the EZ Realty admin area, look at the icons across the page just below the page title.  You will see one called "Options" - click on it, and that will open up the EZ Realty configuration settings.</i><br /><br />
<strong>Q. It's not working - or it seems to be breaking my Joomla template menu.  How do I fix it?</strong><br />
<i>A. Test out the "Disable jQuery File" setting or the LazyLoader setting.  You may need to enable or disable both or a combination of them - depending on what you've already done to your site.  Make sure you've unpublished other modules while testing this - so that you do not wrongly attribute the problem to the Multidisplay module.</i><br /><br />
<strong>Q. How many of these can I show on my site?</strong><br />
<i>A. You can show as many as you want - the categories, suburbs, states etc.  You just need to decide which, choose a module position, and setup the module.</i><br /><br />
<strong>Q. How can I display multiple copies of the same module?</strong><br />
<i>A. Use the core Joomla "Duplicate" button in the module manager.  Consult the Joomla documentation for more information on managing modules in general.</i>

		]]>
	</description>
	<files>
		<filename module="mod_ezrealty_multidisplay">mod_ezrealty_multidisplay.php</filename>
		<filename module="mod_ezrealty_multidisplay">index.html</filename>
		<folder>assets</folder>		
		<folder>tmpl</folder>		
	</files>
    <languages folder="language">
		<language tag="en-GB">en-GB.mod_ezrealty_multidisplay.ini</language>
    </languages>
	<config>
		<fields name="params">

			<fieldset name="basic" addfieldpath="components/com_ezrealty/assets/elements">

			<field name="misc_setting" type="ezparamhelper" default="" function="@title" label="MOD_EZREALTY_MISC_SECTION" description="" />

				<field name="displaystatus" type="list" default="0" label="MOD_EZREALTY_DISPLAY_STATUS_TITLE" description="MOD_EZREALTY_DISPLAY_STATUS_DESC" >
					<option value="0">MOD_EZREALTY_ANY_TYPE</option>
					<option value="1">MOD_EZREALTY_FEATURED</option>
					<option value="2">MOD_EZREALTY_SPOTLIGHT</option>
				</field>

				<field name="marketstatus" type="list" default="0" label="MOD_EZREALTY_MARKET_STATUS_TITLE" description="MOD_EZREALTY_MARKET_STATUS_DESC" >
					<option value="0">MOD_EZREALTY_ANY_TYPE</option>
					<option value="1">MOD_EZREALTY_SOLD</option>
				</field>

				<field name="listingstype" type="list" default="0" label="MOD_EZREALTY_LISTING_TYPE_TITLE" description="MOD_EZREALTY_LISTING_TYPE_DESC" >
					<option value="0">MOD_EZREALTY_ANY_TYPE</option>
					<option value="3">MOD_EZREALTY_OPEN_HOUSE</option>
					<option value="4">MOD_EZREALTY_AUCTIONS</option>
					<option value="5">MOD_EZREALTY_SALE</option>
					<option value="6">MOD_EZREALTY_RENT</option>
					<option value="7">MOD_EZREALTY_LEASE</option>
					<option value="8">MOD_EZREALTY_TENDER</option>
					<option value="9">MOD_EZREALTY_SWAP</option>
					<option value="10">MOD_EZREALTY_SHARE</option>
				</field>

				<field name="listingorder" type="list" default="0" label="MOD_EZREALTY_LISTING_ORDER_TITLE" description="MOD_EZREALTY_LISTING_ORDER_DESC" >
					<option value="0">MOD_EZREALTY_NEWEST</option>
					<option value="1">MOD_EZREALTY_RANDOM</option>
					<option value="2">MOD_EZREALTY_EXPENSIVE</option>
					<option value="3">MOD_EZREALTY_CHEAPEST</option>
				</field>

				<field name="count" type="text" default="20" label="MOD_EZREALTY_TOTAL_TITLE" description="MOD_EZREALTY_TOTAL_DESC" />

				<field name="colcount" type="list" default="0" label="MOD_EZREALTY_COLUMN_COUNT_TITLE" description="MOD_EZREALTY_COLUMN_COUNT_DESC" >
					<option value="1">1</option>
					<option value="2">2</option>
					<option value="3">3</option>
					<option value="4">4</option>
					<option value="6">6</option>
				</field>

				<field name="showohdate" type="radio" default="0" class="btn-group" label="MOD_EZREALTY_OHDATE_TITLE" description="MOD_EZREALTY_OHDATE_DESC">
					<option value="0">JNO</option>
					<option value="1">JYES</option>
				</field>

			<field name="custom_setting" type="ezparamhelper" default="" function="@title" label="MOD_EZREALTY_CUSTOM_SECTION" description="" />

				<field name="reflistcust1" type="radio" default="0" class="btn-group" label="MOD_EZREALTY_LISTCUST1_TITLE" description="MOD_EZREALTY_LISTCUST1_DESC">
					<option value="0">JNO</option>
					<option value="1">JYES</option>
				</field>

				<field name="listcust1" type="sql" default="" label="MOD_EZREALTY_CUST1_TITLE" description="MOD_EZREALTY_CUST1_DESC" query="SELECT DISTINCT custom1 AS value, custom1 AS listcust1 FROM #__ezrealty WHERE published = 1 AND custom1 != '' ORDER BY custom1" />

			<field name="catg_setting" type="ezparamhelper" default="" function="@title" label="MOD_EZREALTY_CATG_SECTION" description="" />

				<field name="reflistcat" type="radio" default="0" class="btn-group" label="MOD_EZREALTY_LISTCAT_TITLE" description="MOD_EZREALTY_LISTCAT_DESC">
					<option value="0">JNO</option>
					<option value="1">JYES</option>
				</field>

				<field name="listcat" type="sql" default="" label="MOD_EZREALTY_CAT_TITLE" description="MOD_EZREALTY_CAT_DESC" query="SELECT id AS value, name AS listcat FROM #__ezrealty_catg WHERE published = 1 ORDER BY ordering" />

			<field name="suburb_setting" type="ezparamhelper" default="" function="@title" label="MOD_EZREALTY_SUBURB_SECTION" description="" />

				<field name="reflistsuburb" type="radio" default="0" class="btn-group" label="MOD_EZREALTY_LISTSUBURB_TITLE" description="MOD_EZREALTY_LISTSUBURB_DESC">
					<option value="0">JNO</option>
					<option value="1">JYES</option>
				</field>

				<field name="listsuburb" type="sql" default="" label="MOD_EZREALTY_SUBURB_TITLE" description="MOD_EZREALTY_SUBURB_DESC" query="SELECT id AS value, ezcity AS listsuburb FROM #__ezrealty_locality WHERE published = 1 ORDER BY ordering" />

			<field name="state_setting" type="ezparamhelper" default="" function="@title" label="MOD_EZREALTY_STATE_SECTION" description="" />

				<field name="refliststate" type="radio" default="0" class="btn-group" label="MOD_EZREALTY_LISTSTATE_TITLE" description="MOD_EZREALTY_LISTSTATE_DESC">
					<option value="0">JNO</option>
					<option value="1">JYES</option>
				</field>

				<field name="liststate" type="sql" default="" label="MOD_EZREALTY_STATE_TITLE" description="MOD_EZREALTY_STATE_DESC" query="SELECT id AS value, name AS liststate FROM #__ezrealty_state WHERE published = 1 ORDER BY ordering" />

			<field name="country_setting" type="ezparamhelper" default="" function="@title" label="MOD_EZREALTY_COUNTRY_SECTION" description="" />

				<field name="reflistcountry" type="radio" default="0" class="btn-group" label="MOD_EZREALTY_LISTCOUNTRY_TITLE" description="MOD_EZREALTY_LISTCOUNTRY_DESC">
					<option value="0">JNO</option>
					<option value="1">JYES</option>
				</field>

				<field name="listcountry" type="sql" default="" label="MOD_EZREALTY_COUNTRY_TITLE" description="MOD_EZREALTY_COUNTRY_DESC" query="SELECT id AS value, name AS listcountry FROM #__ezrealty_country WHERE published = 1 ORDER BY ordering" />

			<field name="agent_setting" type="ezparamhelper" default="" function="@title" label="MOD_EZREALTY_AGENT_SECTION" description="" />

				<field name="reflistagent" type="radio" default="0" class="btn-group" label="MOD_EZREALTY_LISTAGENT_TITLE" description="MOD_EZREALTY_LISTAGENT_DESC">
					<option value="0">JNO</option>
					<option value="1">JYES</option>
				</field>

				<field name="listagent" type="sql" default="" label="MOD_EZREALTY_AGENT_TITLE" description="MOD_EZREALTY_AGENT_DESC" query="SELECT uid AS value, seller_name AS listagent FROM #__ezportal WHERE published = 1 ORDER BY ordering" />

			<field name="content_setting" type="ezparamhelper" default="" function="@title" label="MOD_EZREALTY_CONTENT_SECTION" description="" />

				<field name="titlesource" type="list" default="1" label="MOD_EZREALTY_TITLE_SOURCE_TITLE" description="MOD_EZREALTY_TITLE_SOURCE_DESC">
					<option value="0">MOD_EZREALTY_NO_TITLE</option>
					<option value="1">MOD_EZREALTY_SUBURB_PRICE</option>
					<option value="2">MOD_EZREALTY_HEADLINE</option>
				</field>

				<field name="titlepos" type="radio" default="0" class="btn-group" label="MOD_EZREALTY_TITLE_POSITION_TITLE" description="MOD_EZREALTY_TITLE_POSITION_DESC">
					<option value="0">MOD_EZREALTY_ABOVE</option>
					<option value="1">MOD_EZREALTY_BELOW</option>
				</field>

				<field name="titlesize" type="radio" default="0" class="btn-group" label="MOD_EZREALTY_TITLE_SIZE" description="MOD_EZREALTY_TITLE_SIZE_DESC">
					<option value="0">MOD_EZREALTY_SMALL</option>
					<option value="1">MOD_EZREALTY_LARGE</option>
				</field>

				<field name="textsource" type="list" default="1" label="MOD_EZREALTY_TEXT_SOURCE_TITLE" description="MOD_EZREALTY_TEXT_SOURCE_DESC" >
					<option value="0">MOD_EZREALTY_NO_DESCRIPTION</option>
					<option value="1">MOD_EZREALTY_SMALL_DESCRIPTION</option>
					<option value="2">MOD_EZREALTY_FULL_DESCRIPTION</option>
				</field>

				<field name="textlength" type="text" default="250" label="MOD_EZREALTY_TEXT_LENGTH_TITLE" description="MOD_EZREALTY_TEXT_LENGTH_DESC" />

				<field name="textpos" type="radio" default="0" class="btn-group" label="MOD_EZREALTY_TEXT_POSITION" description="MOD_EZREALTY_LAZYLOAD_DESC">
					<option value="0">MOD_EZREALTY_BELOW</option>
					<option value="1">MOD_EZREALTY_BESIDE</option>
				</field>


			<field name="image_setting" type="ezparamhelper" default="" function="@title" label="MOD_EZREALTY_IMAGE_SECTION" description="" />

				<field name="imgsource" type="list" default="0" label="MOD_EZREALTY_IMAGE_SOURCE_TITLE" description="MOD_EZREALTY_IMAGE_SOURCE_DESC" >
					<option value="0">MOD_EZREALTY_THUMBNAIL_IMG</option>
					<option value="1">MOD_EZREALTY_MAIN_IMG</option>
					<option value="2">MOD_EZREALTY_PANORAMA_IMG</option>
				</field>

				<field name="imgeffect" type="list" default="0" label="MOD_EZREALTY_IMG_TYPE_TITLE" description="MOD_EZREALTY_IMG_TYPE_DESC">
					<option value="0">MOD_EZREALTY_PLAIN</option>
					<option value="1">MOD_EZREALTY_MODAL</option>
					<option value="2">MOD_EZREALTY_HIGHSLIDE</option>
				</field>


			<field name="file_setting" type="ezparamhelper" default="" function="@title" label="MOD_EZREALTY_FILE_SECTION" description="" />

				<field name="lazyload" type="radio" default="1" class="btn-group" label="MOD_EZREALTY_LAZYLOAD_TITLE" description="MOD_EZREALTY_LAZYLOAD_DESC">
					<option value="0">JNO</option>
					<option value="1">JYES</option>
				</field>

				<field name="disjquery" type="radio" default="0" class="btn-group" label="MOD_EZREALTY_DISABLE_JQUERY_TITLE" description="MOD_EZREALTY_DISABLE_JQUERY_DESC">
					<option value="0">JNO</option>
					<option value="1">JYES</option>
				</field>

			</fieldset>

			<fieldset name="advanced">

				<field name="layout" type="modulelayout" label="JFIELD_ALT_LAYOUT_LABEL" description="JFIELD_ALT_MODULE_LAYOUT_DESC" />

				<field name="moduleclass_sfx" type="text" label="COM_MODULES_FIELD_MODULECLASS_SFX_LABEL" description="COM_MODULES_FIELD_MODULECLASS_SFX_DESC" />

				<field name="cache" type="list" default="1" label="COM_MODULES_FIELD_CACHING_LABEL" description="COM_MODULES_FIELD_CACHING_DESC">
					<option value="1">JGLOBAL_USE_GLOBAL</option>
					<option value="0">COM_MODULES_FIELD_VALUE_NOCACHING</option>
				</field>

				<field name="cache_time" type="text" default="900" label="COM_MODULES_FIELD_CACHE_TIME_LABEL" description="COM_MODULES_FIELD_CACHE_TIME_DESC" />

				<field name="cachemode" type="hidden" default="itemid">
					<option value="itemid"></option>
				</field>

			</fieldset>
		</fields>
	</config>
</extension>
