<?xml version="1.0" encoding="UTF-8" ?>
<extension type="package" version="3.0">
  <name>EZ Watchlists Package</name>
  <author>Kathy Strickland</author>
  <creationDate>7th August 2014</creationDate>
  <packagename>ezwatchlists</packagename>
  <version>2.2.0 Lite</version>
  <url>http://www.raptorservices.com</url>
  <packager>Raptor Services</packager>
  <packagerurl>http://www.raptorservices.com</packagerurl>
  <description>The EZ Watchlists VIP Buyers management system for EZ Realty and EZ Autos on Joomla! 3x</description>
  <files folder="packages">
    <file type="component" id="com_ezwatchlists">com_ezwatchlists_2.2.0_lite.zip</file>
  </files>
</extension>