<?xml version="1.0" encoding="utf-8"?>
<extension type="module" version="3.0.0" client="site" method="upgrade">
	<name>EZ Realty Thumbnails Carousel</name>
	<author>K.J. Strickland - Raptor Developments Pty Ltd</author>
	<creationDate>24th June 2014</creationDate>
	<copyright>(C) 2006-2014 K.J. Strickland - Raptor Developments Pty Ltd</copyright>
	<license>Creative Commons GNU GPL, see http://creativecommons.org/licenses/GPL/2.0/ for full license</license>
	<authorEmail>kathy@raptorservices.com</authorEmail>
	<authorUrl>www.raptorservices.com</authorUrl>
	<version>3.0.6</version>
	<description>
		<![CDATA[
		<h3>About EZ Realty Thumbnails Carousel Module</h3>
This module shows thumbnails of property images in a horizontal scrolling carousel. The settings can be configured to pull a range of listing images in a variety of ordering sequences. 
You're able to configure the carousel display and operation in a number of ways too - eg:-<br /><br />
		<ul>
			<li>slider height</li>
			<li>carousel speed</li>
			<li>background colour</li>
		</ul>
		<br />
		When setting up the EZ Realty Thumbnails Carousel Module - select the type of listings you want to display by using the refinement filters - eg. the listing type, whether to refine by category, country, state, or suburb.<br /><br />
		<h3>Common Questions about the EZ Realty Thumbnails Carousel Module</h3>
<strong>Q. What's the best module position to use for the carousel module?</strong><br />
<i>A. Select a horizontal module position - with sufficient width to display the images scrolling across the page.</i><br /><br />
<strong>Q. Can it display a vertical scrolling action?</strong><br />
<i>A. No - it just displays as a horizontal scroll.</i><br /><br />
<strong>Q. Why don't I see anything displayed in the carousel?</strong><br />
<i>A. Make sure your property listings have images, and make sure there are listings created which meet the parameters you've specified for the module.</i>
		]]>
	</description>
	<files>
		<filename module="mod_ezrealty_carousel">mod_ezrealty_carousel.php</filename>
		<filename module="mod_ezrealty_carousel">index.html</filename>
		<folder>tmpl</folder>
	</files>
    <languages folder="language">
		<language tag="en-GB">en-GB.mod_ezrealty_carousel.ini</language>
    </languages>		

	<config>
		<fields name="params">
			<fieldset name="basic" addfieldpath="components/com_ezrealty/assets/elements">

			<field name="misc_setting" type="ezparamhelper" default="" function="@title" label="MOD_EZREALTY_MISC_SECTION" description="" />

				<field name="listingstype" type="list" default="0" label="MOD_EZREALTY_LISTING_TYPE_TITLE" description="MOD_EZREALTY_LISTING_TYPE_DESC" >
					<option value="0">MOD_EZREALTY_ANY_TYPE</option>
					<option value="1">MOD_EZREALTY_FEATURED</option>
					<option value="2">MOD_EZREALTY_SOLD</option>
					<option value="3">MOD_EZREALTY_OPEN_HOUSE</option>
					<option value="4">MOD_EZREALTY_AUCTIONS</option>
					<option value="5">MOD_EZREALTY_SALE</option>
					<option value="6">MOD_EZREALTY_RENT</option>
					<option value="7">MOD_EZREALTY_LEASE</option>
					<option value="8">MOD_EZREALTY_TENDER</option>
					<option value="9">MOD_EZREALTY_SWAP</option>
					<option value="10">MOD_EZREALTY_SHARE</option>
				</field>

				<field name="listingorder" type="list" default="0" label="MOD_EZREALTY_LISTING_ORDER_TITLE" description="MOD_EZREALTY_LISTING_ORDER_DESC" >
					<option value="0">MOD_EZREALTY_NEWEST</option>
					<option value="1">MOD_EZREALTY_RANDOM</option>
					<option value="2">MOD_EZREALTY_EXPENSIVE</option>
					<option value="3">MOD_EZREALTY_CHEAPEST</option>
				</field>

				<field name="count" type="text" default="20" label="MOD_EZREALTY_TOTAL_TITLE" description="MOD_EZREALTY_TOTAL_DESC" />

			<field name="custom_setting" type="ezparamhelper" default="" function="@title" label="MOD_EZREALTY_CUSTOM_SECTION" description="" />

				<field name="reflistcust1" type="radio" default="0" class="btn-group" label="MOD_EZREALTY_LISTCUST1_TITLE" description="MOD_EZREALTY_LISTCUST1_DESC">
					<option value="0">JNO</option>
					<option value="1">JYES</option>
				</field>

				<field name="listcust1" type="sql" default="" label="MOD_EZREALTY_CUST1_TITLE" description="MOD_EZREALTY_CUST1_DESC" query="SELECT DISTINCT custom1 AS value, custom1 AS listcust1 FROM #__ezrealty WHERE published = 1 AND custom1 != '' ORDER BY custom1" />

			<field name="catg_setting" type="ezparamhelper" default="" function="@title" label="MOD_EZREALTY_CATG_SECTION" description="" />

				<field name="reflistcat" type="radio" default="0" class="btn-group" label="MOD_EZREALTY_LISTCAT_TITLE" description="MOD_EZREALTY_LISTCAT_DESC">
					<option value="0">JNO</option>
					<option value="1">JYES</option>
				</field>

				<field name="listcat" type="sql" default="" label="MOD_EZREALTY_CAT_TITLE" description="MOD_EZREALTY_CAT_DESC" query="SELECT id AS value, name AS listcat FROM #__ezrealty_catg WHERE published = 1 ORDER BY ordering" />

			<field name="suburb_setting" type="ezparamhelper" default="" function="@title" label="MOD_EZREALTY_SUBURB_SECTION" description="" />

				<field name="reflistsuburb" type="radio" default="0" class="btn-group" label="MOD_EZREALTY_LISTSUBURB_TITLE" description="MOD_EZREALTY_LISTSUBURB_DESC">
					<option value="0">JNO</option>
					<option value="1">JYES</option>
				</field>

				<field name="listsuburb" type="sql" default="" label="MOD_EZREALTY_SUBURB_TITLE" description="MOD_EZREALTY_SUBURB_DESC" query="SELECT id AS value, ezcity AS listsuburb FROM #__ezrealty_locality WHERE published = 1 ORDER BY ordering" />

			<field name="state_setting" type="ezparamhelper" default="" function="@title" label="MOD_EZREALTY_STATE_SECTION" description="" />

				<field name="refliststate" type="radio" default="0" class="btn-group" label="MOD_EZREALTY_LISTSTATE_TITLE" description="MOD_EZREALTY_LISTSTATE_DESC">
					<option value="0">JNO</option>
					<option value="1">JYES</option>
				</field>

				<field name="liststate" type="sql" default="" label="MOD_EZREALTY_STATE_TITLE" description="MOD_EZREALTY_STATE_DESC" query="SELECT id AS value, name AS liststate FROM #__ezrealty_state WHERE published = 1 ORDER BY ordering" />

			<field name="country_setting" type="ezparamhelper" default="" function="@title" label="MOD_EZREALTY_COUNTRY_SECTION" description="" />

				<field name="reflistcountry" type="radio" default="0" class="btn-group" label="MOD_EZREALTY_LISTCOUNTRY_TITLE" description="MOD_EZREALTY_LISTCOUNTRY_DESC">
					<option value="0">JNO</option>
					<option value="1">JYES</option>
				</field>

				<field name="listcountry" type="sql" default="" label="MOD_EZREALTY_COUNTRY_TITLE" description="MOD_EZREALTY_COUNTRY_DESC" query="SELECT id AS value, name AS listcountry FROM #__ezrealty_country WHERE published = 1 ORDER BY ordering" />

			<field name="carousel_setting" type="ezparamhelper" default="" function="@title" label="MOD_EZREALTY_CAROUSEL_SECTION" description="" />

				<field name="slideheight" type="text" default="100" label="MOD_EZREALTY_SLIDE_HEIGHT_TITLE" description="MOD_EZREALTY_SLIDE_HEIGHT_DESC" />

				<field name="slidespeed" type="list" default="2" label="MOD_EZREALTY_SLIDE_SPEED_TITLE" description="MOD_EZREALTY_SLIDE_SPEED_DESC" >
					<option value="1">MOD_EZREALTY_SPEED1</option>
					<option value="2">MOD_EZREALTY_SPEED2</option>
					<option value="3">MOD_EZREALTY_SPEED3</option>
					<option value="4">MOD_EZREALTY_SPEED4</option>
					<option value="5">MOD_EZREALTY_SPEED5</option>
					<option value="6">MOD_EZREALTY_SPEED6</option>
					<option value="7">MOD_EZREALTY_SPEED7</option>
					<option value="8">MOD_EZREALTY_SPEED8</option>
					<option value="9">MOD_EZREALTY_SPEED9</option>
					<option value="10">MOD_EZREALTY_SPEED10</option>
				</field>

				<field name="rowgap" type="text" default="5" label="MOD_EZREALTY_SLIDE_GAP_TITLE" description="MOD_EZREALTY_SLIDE_GAP_DESC" />

			<field name="colour_setting" type="ezparamhelper" default="" function="@title" label="MOD_EZREALTY_COLOUR_SECTION" description="" />

				<field name="carbkgr" type="text" default="#ffffff" label="MOD_EZREALTY_BACKGROUND_TITLE" description="" />
				<field name="bordercol" type="text" default="#ebebeb" label="MOD_EZREALTY_INNER_BORDER_COLOUR_TITLE" description="" />
				<field name="gradstart" type="text" default="#ffffff" label="MOD_EZREALTY_INNER_GRAD_START_TITLE" description="" />
				<field name="gradend" type="text" default="#ffffff" label="MOD_EZREALTY_INNER_GRAD_END_TITLE" description="" />

			</fieldset>

			<fieldset name="advanced">

				<field name="layout" type="modulelayout" label="JFIELD_ALT_LAYOUT_LABEL" description="JFIELD_ALT_MODULE_LAYOUT_DESC" />

				<field name="moduleclass_sfx" type="text" label="COM_MODULES_FIELD_MODULECLASS_SFX_LABEL" description="COM_MODULES_FIELD_MODULECLASS_SFX_DESC" />

				<field name="cache" type="list" default="1" label="COM_MODULES_FIELD_CACHING_LABEL" description="COM_MODULES_FIELD_CACHING_DESC">
					<option value="1">JGLOBAL_USE_GLOBAL</option>
					<option value="0">COM_MODULES_FIELD_VALUE_NOCACHING</option>
				</field>

				<field name="cache_time" type="text" default="900" label="COM_MODULES_FIELD_CACHE_TIME_LABEL" description="COM_MODULES_FIELD_CACHE_TIME_DESC" />

				<field name="cachemode" type="hidden" default="itemid">
					<option value="itemid"></option>
				</field>

			</fieldset>
		</fields>
	</config>
</extension>
