<?xml version="1.0" encoding="utf-8"?>
<extension type="module" version="3.0.0" client="site" method="upgrade">
	<name>EZ Realty Search Module</name>
	<author>K.J. Strickland - Raptor Developments Pty Ltd</author>
	<creationDate>24th June 2014</creationDate>
	<copyright>(C) 2006-2014 K.J. Strickland - Raptor Developments Pty Ltd</copyright>
	<license>Creative Commons GNU GPL, see http://creativecommons.org/licenses/GPL/2.0/ for full license</license>
	<authorEmail>kathy@raptorservices.com</authorEmail>
	<authorUrl>www.raptorservices.com</authorUrl>
	<version>4.0.6</version>
	<description>
		<![CDATA[
		<h3>About EZ Realty Search Module</h3>
		This module shows an EZ Realty search form for use in a module position.  You're able to achieve either a horizontal or vertical search form layout - depending on where you publish the module.  For example:-<br /><br />
		<ul>
			<li>publish in a sidebar position and you'll have a vertical form layout</li>
			<li>publish in a wide module position such as above or below the main page content - and you'll have a horizontal form layout</li>
		</ul>
		<br />

		<h3>Common Questions about the EZ Realty Search Module</h3>
<strong>Q. Can I control which selector lists are displayed on the search form?</strong><br />
<i>A. Yes you can - click on the "Basic Options" tab above - and configure the settings.</i><br /><br />

<strong>Q. The width of the selector lists and keyword search field is all wrong it's too wide/narrow.  How do I fix this?</strong><br />
<i>A. Look in the EZ Realty search module settings on the basic options tab.  You will find a setting to enable you to define the width of selector lists and text fields.</i><br /><br />

<strong>Q. Where does the EZ Realty Search Module post its results to?</strong><br />
<i>A. The search module posts its results to the EZ Realty search module results page.</i><br /><br />

<strong>Q. How do I setup the search module results page?</strong><br />
<i>A. Go into the Joomla menu item manager, click "New" to create a new menu item, click the blue "Select" button next to the "Menu Item Type" field, click "EZ Realty" from the list of components in the popup window, and then click on "Search Results for Search Module" from the list of EZ Realty menu item types. Then define the various menu item parameters and save.</i><br /><br />

<strong>Q. Why doesn't the search module results page have any filters across the top like the other listings pages?</strong><br />
<i>A. It's the search module results page - so it's designed to just show search results derived from the search module.  Dynamic search filters are only a feature of the other listings pages.</i><br /><br />

		]]>
	</description>
	<files>
		<filename module="mod_ezrealty_search">mod_ezrealty_search.php</filename>
		<filename module="mod_ezrealty_search">index.html</filename>
		<folder>helpers</folder>
		<folder>tmpl</folder>		
	</files>
    <languages folder="language">
		<language tag="en-GB">en-GB.mod_ezrealty_search.ini</language>
    </languages>

	<config>
		<fields name="params">

			<fieldset name="basic">

		<field
			name="bs_fieldsize"
			type="list" default="12" 
			label="MOD_EZREALTY_FIELD_SIZE"
			description="MOD_EZREALTY_FIELD_SIZE_DESC">
				<option value="span1">1</option>
				<option value="span2">2</option>
				<option value="span3">3</option>
				<option value="span4">4</option>
				<option value="span5">5</option>
				<option value="span6">6</option>
				<option value="span7">7</option>
				<option value="span8">8</option>
				<option value="span9">9</option>
				<option value="span10">10</option>
				<option value="span11">11</option>
				<option value="span12">12</option>
		</field>

		<field
			name="bs_selectsize"
			type="list" default="12" 
			label="MOD_EZREALTY_SELECT_SIZE"
			description="MOD_EZREALTY_SELECT_SIZE_DESC">
				<option value="span1">1</option>
				<option value="span2">2</option>
				<option value="span3">3</option>
				<option value="span4">4</option>
				<option value="span5">5</option>
				<option value="span6">6</option>
				<option value="span7">7</option>
				<option value="span8">8</option>
				<option value="span9">9</option>
				<option value="span10">10</option>
				<option value="span11">11</option>
				<option value="span12">12</option>
		</field>

		<field
			name="showmod_categories_select"
			type="radio" default="1" class="btn-group" 
			label="COM_EZREALTY_DISPLAY_CATG_SELECT"
			description="JGLOBAL_DISPLAY_SELECT_DESC">
				<option value="0">JHIDE</option>
				<option value="1">JSHOW</option>
		</field>

		<field
			name="showmod_transtype_select"
			type="radio" default="1" class="btn-group" 
			label="COM_EZREALTY_DISPLAY_TRANS_SELECT"
			description="JGLOBAL_DISPLAY_SELECT_DESC">
				<option value="0">JHIDE</option>
				<option value="1">JSHOW</option>
		</field>

		<field
			name="showmod_marketstatus_select"
			type="radio" default="1" class="btn-group" 
			label="COM_EZREALTY_DISPLAY_MARKET_SELECT"
			description="JGLOBAL_DISPLAY_SELECT_DESC">
				<option value="0">JHIDE</option>
				<option value="1">JSHOW</option>
		</field>

		<field
			name="showmod_sellers_select"
			type="radio" default="1" class="btn-group" 
			label="COM_EZREALTY_DISPLAY_SELLERS_SELECT"
			description="COM_EZREALTY_DISPLAY_SELLERS_DESC">
				<option value="0">JHIDE</option>
				<option value="1">JSHOW</option>
		</field>

		<field
			name="showmod_countries_select"
			type="radio" default="1" class="btn-group" 
			label="COM_EZREALTY_DISPLAY_COUNTRY_SELECT"
			description="JGLOBAL_DISPLAY_SELECT_DESC">
				<option value="0">JHIDE</option>
				<option value="1">JSHOW</option>
		</field>

		<field
			name="showmod_suburbs_select"
			type="list" default="1"
			label="COM_EZREALTY_DISPLAY_LOCALITY_SELECT"
			description="JGLOBAL_DISPLAY_SELECT_DESC">
				<option value="0">JHIDE</option>
				<option value="1">EZREALTY_STATES_LOCS</option>
				<option value="2">EZREALTY_LOCS_ONLY</option>
		</field>

		<field
			name="showmod_minmaxprice_select"
			type="radio" default="1" class="btn-group" 
			label="COM_EZREALTY_DISPLAY_MINMAXPRICE_SELECT"
			description="JGLOBAL_DISPLAY_SELECT_DESC">
				<option value="0">JHIDE</option>
				<option value="1">JSHOW</option>
		</field>

		<field
			name="showmod_minbedsbaths_select"
			type="radio" default="1" class="btn-group" 
			label="COM_EZREALTY_DISPLAY_MINBEDSBATHS_SELECT"
			description="JGLOBAL_DISPLAY_SELECT_DESC">
				<option value="0">JHIDE</option>
				<option value="1">JSHOW</option>
		</field>

		<field
			name="showmod_minmaxarea_select"
			type="radio" default="1" class="btn-group"
			label="COM_EZREALTY_DISPLAY_MINMAXAREA_SELECT"
			description="JGLOBAL_DISPLAY_SELECT_DESC">
				<option value="0">JHIDE</option>
				<option value="1">JSHOW</option>
		</field>

		<field
			name="showmod_minmaxland_select"
			type="radio" default="1" class="btn-group"
			label="COM_EZREALTY_DISPLAY_MINMAXLAND_SELECT"
			description="JGLOBAL_DISPLAY_SELECT_DESC">
				<option value="0">JHIDE</option>
				<option value="1">JSHOW</option>
		</field>

		<field
			name="showmod_keyword_select"
			type="radio" default="1" class="btn-group" 
			label="COM_EZREALTY_DISPLAY_KEYWORD_SELECT"
			description="COM_EZREALTY_DISPLAY_KEYWORD_SELECT_DESC">
				<option value="0">JHIDE</option>
				<option value="1">JSHOW</option>
		</field>
		<field
			name="showmod_dates_select"
			type="radio" default="0" class="btn-group" 
			label="COM_EZREALTY_DISPLAY_DATES_SELECT"
			description="COM_EZREALTY_DISPLAY_DATES_DESC">
				<option value="0">JHIDE</option>
				<option value="1">JSHOW</option>
		</field>

		<field
			name="showmod_custom1_select"
			type="radio" default="0" class="btn-group" 
			label="COM_EZREALTY_DISPLAY_CUSTOM1_SELECT"
			description="JGLOBAL_DISPLAY_SELECT_DESC">
				<option value="0">JHIDE</option>
				<option value="1">JSHOW</option>
		</field>




			</fieldset>

			<fieldset name="advanced">

				<field name="layout" type="modulelayout" label="JFIELD_ALT_LAYOUT_LABEL" description="JFIELD_ALT_MODULE_LAYOUT_DESC" />

				<field name="moduleclass_sfx" type="text" label="COM_MODULES_FIELD_MODULECLASS_SFX_LABEL" description="COM_MODULES_FIELD_MODULECLASS_SFX_DESC" />

				<field name="cache" type="list" default="1" label="COM_MODULES_FIELD_CACHING_LABEL" description="COM_MODULES_FIELD_CACHING_DESC">
					<option value="1">JGLOBAL_USE_GLOBAL</option>
					<option value="0">COM_MODULES_FIELD_VALUE_NOCACHING</option>
				</field>

				<field name="cache_time" type="text" default="900" label="COM_MODULES_FIELD_CACHE_TIME_LABEL" description="COM_MODULES_FIELD_CACHE_TIME_DESC" />

				<field name="cachemode" type="hidden" default="itemid">
					<option value="itemid"></option>
				</field>

			</fieldset>
		</fields>
	</config>
</extension>
