<?xml version="1.0" encoding="utf-8"?>
<extension type="module" version="3.0.0" client="site" method="upgrade">
	<name>EZ Realty Map</name>
	<author>K.J. Strickland - Raptor Developments Pty Ltd</author>
	<creationDate>24th June 2014</creationDate>
	<copyright>(C) 2006-2014 K.J. Strickland - Raptor Developments Pty Ltd</copyright>
	<license>Creative Commons GNU GPL, see http://creativecommons.org/licenses/GPL/2.0/ for full license</license>
	<authorEmail>kathy@raptorservices.com</authorEmail>
	<authorUrl>www.raptorservices.com</authorUrl>
	<version>3.0.6</version>
	<description>
		<![CDATA[
		<h3>About EZ Realty Map Module</h3>
		This module allows you to display EZ Realty property listings on a Google map.  Mapping features for this module include:-<br /><br />
		<ul>
			<li>road, terrain and satellite map output</li>
			<li>streetview display</li>
			<li>pan and zoom controls</li>
			<li>popup information windows</li>
		</ul>
		<br />
		When setting up the EZ Realty Map Module - select the type of listings you want to display by using the refinement filters - eg. the listing type, whether to refine by category, country, state, or suburb.<br /><br />

		<h3>Common Questions about the EZ Realty Map Module</h3>

<strong>Q. Can I display multiple maps on the same page?</strong><br />
<i>A. No - not at the moment.</i><br /><br />

<strong>Q. Why isn't the map showing on the page?</strong><br />
<i>A. This usually happens due to publishing multiple maps on the same page.</i><br /><br />

<strong>Q. Why is the map centered somewhere near Toowoomba - in Australia?</strong><br />
<i>A. The map uses a set of opening decimal coordinates, and these are defined in the mapping module parameters.  You need to assign opening decimal coordinates of relevance to your part of the world.</i><br /><br />

		]]>
	</description>
	<files>
		<filename module="mod_ezrealty_map">mod_ezrealty_map.php</filename>
		<filename module="mod_ezrealty_map">index.html</filename>
		<folder>assets</folder>
		<folder>tmpl</folder>		
	</files>
    <languages folder="language">
		<language tag="en-GB">en-GB.mod_ezrealty_map.ini</language>
    </languages>

	<config>
		<fields name="params">

			<fieldset name="basic" addfieldpath="components/com_ezrealty/assets/elements">

			<field name="misc_setting" type="ezparamhelper" default="" function="@title" label="MOD_EZREALTY_MISC_SECTION" description="" />

				<field name="listingstype" type="list" default="0" label="MOD_EZREALTY_LISTING_TYPE_TITLE" description="MOD_EZREALTY_LISTING_TYPE_DESC" >
					<option value="0">MOD_EZREALTY_ANY_TYPE</option>
					<option value="1">MOD_EZREALTY_FEATURED</option>
					<option value="2">MOD_EZREALTY_SOLD</option>
					<option value="3">MOD_EZREALTY_OPEN_HOUSE</option>
					<option value="4">MOD_EZREALTY_AUCTIONS</option>
					<option value="5">MOD_EZREALTY_SALE</option>
					<option value="6">MOD_EZREALTY_RENT</option>
					<option value="7">MOD_EZREALTY_LEASE</option>
					<option value="8">MOD_EZREALTY_TENDER</option>
					<option value="9">MOD_EZREALTY_SWAP</option>
					<option value="10">MOD_EZREALTY_SHARE</option>
				</field>

				<field name="listingorder" type="list" default="0" label="MOD_EZREALTY_LISTING_ORDER_TITLE" description="MOD_EZREALTY_LISTING_ORDER_DESC" >
					<option value="0">MOD_EZREALTY_NEWEST</option>
					<option value="1">MOD_EZREALTY_RANDOM</option>
					<option value="2">MOD_EZREALTY_EXPENSIVE</option>
					<option value="3">MOD_EZREALTY_CHEAPEST</option>
				</field>

				<field name="count" type="text" default="20" label="MOD_EZREALTY_TOTAL_TITLE" description="MOD_EZREALTY_TOTAL_DESC" />

			<field name="custom_setting" type="ezparamhelper" default="" function="@title" label="MOD_EZREALTY_CUSTOM_SECTION" description="" />

				<field name="reflistcust1" type="radio" default="0" class="btn-group" label="MOD_EZREALTY_LISTCUST1_TITLE" description="MOD_EZREALTY_LISTCUST1_DESC">
					<option value="0">JNO</option>
					<option value="1">JYES</option>
				</field>

				<field name="listcust1" type="sql" default="" label="MOD_EZREALTY_CUST1_TITLE" description="MOD_EZREALTY_CUST1_DESC" query="SELECT DISTINCT custom1 AS value, custom1 AS listcust1 FROM #__ezrealty WHERE published = 1 AND custom1 != '' ORDER BY custom1" />

			<field name="catg_setting" type="ezparamhelper" default="" function="@title" label="MOD_EZREALTY_CATG_SECTION" description="" />

				<field name="reflistcat" type="radio" default="0" class="btn-group" label="MOD_EZREALTY_LISTCAT_TITLE" description="MOD_EZREALTY_LISTCAT_DESC">
					<option value="0">JNO</option>
					<option value="1">JYES</option>
				</field>

				<field name="listcat" type="sql" default="" label="MOD_EZREALTY_CAT_TITLE" description="MOD_EZREALTY_CAT_DESC" query="SELECT id AS value, name AS listcat FROM #__ezrealty_catg WHERE published = 1 ORDER BY ordering" />

			<field name="suburb_setting" type="ezparamhelper" default="" function="@title" label="MOD_EZREALTY_SUBURB_SECTION" description="" />

				<field name="reflistsuburb" type="radio" default="0" class="btn-group" label="MOD_EZREALTY_LISTSUBURB_TITLE" description="MOD_EZREALTY_LISTSUBURB_DESC">
					<option value="0">JNO</option>
					<option value="1">JYES</option>
				</field>

				<field name="listsuburb" type="sql" default="" label="MOD_EZREALTY_SUBURB_TITLE" description="MOD_EZREALTY_SUBURB_DESC" query="SELECT id AS value, ezcity AS listsuburb FROM #__ezrealty_locality WHERE published = 1 ORDER BY ordering" />

			<field name="state_setting" type="ezparamhelper" default="" function="@title" label="MOD_EZREALTY_STATE_SECTION" description="" />

				<field name="refliststate" type="radio" default="0" class="btn-group" label="MOD_EZREALTY_LISTSTATE_TITLE" description="MOD_EZREALTY_LISTSTATE_DESC">
					<option value="0">JNO</option>
					<option value="1">JYES</option>
				</field>

				<field name="liststate" type="sql" default="" label="MOD_EZREALTY_STATE_TITLE" description="MOD_EZREALTY_STATE_DESC" query="SELECT id AS value, name AS liststate FROM #__ezrealty_state WHERE published = 1 ORDER BY ordering" />

			<field name="country_setting" type="ezparamhelper" default="" function="@title" label="MOD_EZREALTY_COUNTRY_SECTION" description="" />

				<field name="reflistcountry" type="radio" default="0" class="btn-group" label="MOD_EZREALTY_LISTCOUNTRY_TITLE" description="MOD_EZREALTY_LISTCOUNTRY_DESC">
					<option value="0">JNO</option>
					<option value="1">JYES</option>
				</field>

				<field name="listcountry" type="sql" default="" label="MOD_EZREALTY_COUNTRY_TITLE" description="MOD_EZREALTY_COUNTRY_DESC" query="SELECT id AS value, name AS listcountry FROM #__ezrealty_country WHERE published = 1 ORDER BY ordering" />

			<field name="content_setting" type="ezparamhelper" default="" function="@title" label="MOD_EZREALTY_CONTENT_SECTION" description="" />

				<field name="titlesource" type="list" default="1" label="MOD_EZREALTY_TITLE_SOURCE_TITLE" description="MOD_EZREALTY_TITLE_SOURCE_DESC">
					<option value="0">MOD_EZREALTY_NO_TITLE</option>
					<option value="1">MOD_EZREALTY_SUBURB_PRICE</option>
					<option value="2">MOD_EZREALTY_HEADLINE</option>
				</field>

			<field name="map_setting" type="ezparamhelper" default="" function="@title" label="MOD_EZREALTY_MAP_SECTION" description="" />

				<field name="usealtmap" type="radio" default="0" class="btn-group" label="MOD_EZREALTY_USEALTMAP_TITLE" description="MOD_EZREALTY_USEALTMAP_DESC" >
					<option value="0">MOD_EZREALTY_CONFIG_STANDARD_GMAP</option>
					<option value="1">MOD_EZREALTY_CONFIG_ALT_GMAP</option>
					<option value="2">MOD_EZREALTY_CONFIG_YANDEX_MAP</option>
				</field>

				<field name="maplang" type="list" default="ru-RU" class="btn-group" label="MOD_EZREALTY_CONFIG_YANDEX_LANGTITLE" description="MOD_EZREALTY_CONFIG_YANDEX_LANGDESC">
					<option value="ru-RU">MOD_EZREALTY_CONFIG_YANDEX_LANG1</option>
					<option value="tr-TR">MOD_EZREALTY_CONFIG_YANDEX_LANG2</option>
					<option value="en-US">MOD_EZREALTY_CONFIG_YANDEX_LANG3</option>
				</field>

				<field name="usestreetview" type="radio" default="0" class="btn-group" label="MOD_EZREALTY_USESTREETVIEW" description="MOD_EZREALTY_USESTREETVIEW_DESC">
					<option value="0">JNO</option>
					<option value="1">JYES</option>
				</field>

				<field name="control_size" type="list" default="1" label="MOD_EZREALTY_MAPCONTROLS" description="MOD_EZREALTY_MAPCONTROLS_DESC">
					<option value="SMALL">MOD_EZREALTY_MAPCONTROLS_SMALL</option>
					<option value="LARGE">MOD_EZREALTY_MAPCONTROLS_LARGE</option>
				</field>

				<field name="maplat" type="text" default="-27.5541330" label="MOD_EZREALTY_MAPLAT" description="MOD_EZREALTY_MAPLAT_DESC" />

				<field name="maplong" type="text" default="152.0292450" label="MOD_EZREALTY_MAPLONG" description="MOD_EZREALTY_MAPLONG_DESC" />

				<field name="mapres" type="text" default="12" label="MOD_EZREALTY_MAPRES" description="MOD_EZREALTY_MAPRES_DESC" />

				<field name="mapheight" type="text" default="300" label="MOD_EZREALTY_MAPHEIGHT" description="MOD_EZREALTY_MAPHEIGHT_DESC" />

			</fieldset>

			<fieldset name="advanced">

				<field name="layout" type="modulelayout" label="JFIELD_ALT_LAYOUT_LABEL" description="JFIELD_ALT_MODULE_LAYOUT_DESC" />

				<field name="moduleclass_sfx" type="text" label="COM_MODULES_FIELD_MODULECLASS_SFX_LABEL" description="COM_MODULES_FIELD_MODULECLASS_SFX_DESC" />

				<field name="cache" type="list" default="1" label="COM_MODULES_FIELD_CACHING_LABEL" description="COM_MODULES_FIELD_CACHING_DESC">
					<option value="1">JGLOBAL_USE_GLOBAL</option>
					<option value="0">COM_MODULES_FIELD_VALUE_NOCACHING</option>
				</field>

				<field name="cache_time" type="text" default="900" label="COM_MODULES_FIELD_CACHE_TIME_LABEL" description="COM_MODULES_FIELD_CACHE_TIME_DESC" />

				<field name="cachemode" type="hidden" default="itemid">
					<option value="itemid"></option>
				</field>

			</fieldset>
		</fields>
	</config>
</extension>
