<?xml version="1.0" encoding="utf-8"?>
<extension type="module" version="3.0.0" client="site" method="upgrade">
	<name>EZ Realty Lists</name>
	<author>K.J. Strickland - Raptor Developments Pty Ltd</author>
	<creationDate>24th June 2014</creationDate>
	<copyright>(C) 2006-2014 K.J. Strickland - Raptor Developments Pty Ltd</copyright>
	<license>Creative Commons GNU GPL, see http://creativecommons.org/licenses/GPL/2.0/ for full license</license>
	<authorEmail>kathy@raptorservices.com</authorEmail>
	<authorUrl>www.raptorservices.com</authorUrl>
	<version>2.0.3</version>
	<description>
		<![CDATA[
		<h3>About EZ Realty Lists Module</h3>
		This module shows a configurable list display of a variety of information. You're able to setup the EZ Realty Lists Module to display information such as:-<br /><br />
		<ul>
			<li>property categories</li>
			<li>states</li>
			<li>suburbs</li>
			<li>recursive output of countries, state and suburbs</li>
		</ul>
		<br />
		If displaying lists of categories, states or suburbs - you're able to select from a variety of layouts and other formatting options.<br /><br />
		Most of the configurable settings aren't applicable if displaying the recursive output - eg. totals, order, columns and other settings aren't used - as the recursive output has its own preset display.<br /><br />
		Each of the list layout options display hyperlinks to the categories, states and localities listings page which displays those properties.<br />
		<h3>Common Questions about the EZ Realty Lists Module</h3>
<strong>Q. How many of these can I show on my site?</strong><br />
<i>A. You can show as many as you want - the categories, suburbs, states and/or the recursive layout.  You just need to decide which, choose a module position, and setup the module.</i><br /><br />
<strong>Q. How can I display multiple copies of the same module?</strong><br />
<i>A. Use the core Joomla "Duplicate" button in the module manager.  Consult the Joomla documentation for more information on managing modules in general.</i><br /><br />

		]]>
	</description>
	<files>
		<filename module="mod_ezrealty_lists">mod_ezrealty_lists.php</filename>
		<filename module="mod_ezrealty_lists">index.html</filename>
		<folder>assets</folder>
		<folder>tmpl</folder>
	</files>
    <languages folder="language">
		<language tag="en-GB">en-GB.mod_ezrealty_lists.ini</language>
    </languages>
	<config>
		<fields name="params">
			<fieldset name="basic">

				<field name="listingstype" type="list" default="0" label="MOD_EZREALTY_LISTING_TYPE_TITLE" description="MOD_EZREALTY_LISTING_TYPE_DESC" >
					<option value="0">MOD_EZREALTY_CATG</option>
					<option value="1">MOD_EZREALTY_SUBURB</option>
					<option value="2">MOD_EZREALTY_STATE</option>
					<option value="3">MOD_EZREALTY_RECURSIVE</option>
				</field>

				<field name="item_order" type="list" default="0" label="MOD_EZREALTY_LISTING_ORDER_TITLE" description="MOD_EZREALTY_LISTING_ORDER_DESC" >
					<option value="0">MOD_EZREALTY_ALPHA</option>
					<option value="1">MOD_EZREALTY_ORDERING</option>
					<option value="2">MOD_EZREALTY_MOST</option>
					<option value="3">MOD_EZREALTY_RANDOM</option>
				</field>

				<field name="count" type="text" default="" label="MOD_EZREALTY_TOTAL_TITLE" description="MOD_EZREALTY_TOTAL_DESC" />

				<field name="colcount" type="list" default="0" label="MOD_EZREALTY_COLUMN_COUNT_TITLE" description="MOD_EZREALTY_COLUMN_COUNT_DESC" >
					<option value="1">1</option>
					<option value="2">2</option>
					<option value="3">3</option>
					<option value="4">4</option>
					<option value="6">6</option>
				</field>

				<field name="ezlayout" type="list" default="0" label="MOD_EZREALTY_LI_SDIM" description="MOD_EZREALTY_LI_SDIMD" >
					<option value="0">MOD_EZREALTY_LI_SDIB</option>
					<option value="1">MOD_EZREALTY_LI_SDID</option>
					<option value="2">MOD_EZREALTY_LI_DSMS</option>
					<option value="3">MOD_EZREALTY_LI_SDIDE</option>
					<option value="4">MOD_EZREALTY_LI_SDIO</option>
				</field>

				<field name="imgsize" type="list" default="1" label="MOD_EZREALTY_IMGSIZE_TITLE" description="MOD_EZREALTY_IMGSIZE_DESC" >
					<option value="1">1</option>
					<option value="2">2</option>
					<option value="3">3</option>
					<option value="4">4</option>
					<option value="5">5</option>
					<option value="6">6</option>
				</field>

				<field name="ezicon" type="list" default="" label="MOD_EZREALTY_ICON_TITLE" description="MOD_EZREALTY_ICON_DESCRIPTION" >
					<option value="">MOD_EZREALTY_ICON_SELECT</option>
					<option value="icon-star">MOD_EZREALTY_ICON_STAR</option>
					<option value="icon-ok">MOD_EZREALTY_ICON_OK</option>
					<option value="icon-tag">MOD_EZREALTY_ICON_TAG</option>
					<option value="icon-edit">MOD_EZREALTY_ICON_EDIT</option>
					<option value="icon-search">MOD_EZREALTY_ICON_SEARCH</option>
					<option value="icon-thumbs-up">MOD_EZREALTY_ICON_THUMBSUP</option>
					<option value="icon-thumbs-down">MOD_EZREALTY_ICON_THUMBSDOWN</option>
					<option value="icon-leaf">MOD_EZREALTY_ICON_LEAF</option>
					<option value="icon-fire">MOD_EZREALTY_ICON_FIRE</option>
					<option value="icon-home">MOD_EZREALTY_ICON_HOME</option>
					<option value="icon-flag">MOD_EZREALTY_ICON_FLAG</option>
					<option value="icon-map-marker">MOD_EZREALTY_ICON_MAPMARKER</option>

				</field>

				<field name="bs_selectsize" type="list" default="12" label="MOD_EZREALTY_SELECT_SIZE" description="MOD_EZREALTY_SELECT_SIZE_DESC">
					<option value="span1">1</option>
					<option value="span2">2</option>
					<option value="span3">3</option>
					<option value="span4">4</option>
					<option value="span5">5</option>
					<option value="span6">6</option>
					<option value="span7">7</option>
					<option value="span8">8</option>
					<option value="span9">9</option>
					<option value="span10">10</option>
					<option value="span11">11</option>
					<option value="span12">12</option>
				</field>

				<field name="titlepos" type="radio" default="0" class="btn-group" label="MOD_EZREALTY_TITLE_POSITION_TITLE" description="MOD_EZREALTY_TITLE_POSITION_DESC">
					<option value="0">MOD_EZREALTY_ABOVE</option>
					<option value="1">MOD_EZREALTY_BELOW</option>
					<option value="2">MOD_EZREALTY_BESIDE</option>
				</field>


				<field name="textlength" type="text" default="250" label="MOD_EZREALTY_TEXT_LENGTH_TITLE" description="MOD_EZREALTY_TEXT_LENGTH_DESC" />

				<field name="imgalign" type="list" default="left" label="MOD_EZREALTY_ALIGNMENT_TITLE" description="MOD_EZREALTY_ALIGNMENT_DESC" >
					<option value="left">MOD_EZREALTY_LEFT</option>
					<option value="right">MOD_EZREALTY_RIGHT</option>
					<option value="center">MOD_EZREALTY_CENTER</option>
				</field>

				<field name="imgwidth" type="text" default="120" label="MOD_EZREALTY_IMAGE_WIDTH_TITLE" description="MOD_EZREALTY_IMAGE_WIDTH_DESC" />

			</fieldset>

			<fieldset name="advanced">

				<field name="layout" type="modulelayout" label="JFIELD_ALT_LAYOUT_LABEL" description="JFIELD_ALT_MODULE_LAYOUT_DESC" />

				<field name="class_sfx" type="text" label="Menu Class Suffix" description="COM_MODULES_FIELD_MODULECLASS_SFX_DESC" />

				<field name="moduleclass_sfx" type="text" label="COM_MODULES_FIELD_MODULECLASS_SFX_LABEL" description="COM_MODULES_FIELD_MODULECLASS_SFX_DESC" />

				<field name="cache" type="list" default="1" label="COM_MODULES_FIELD_CACHING_LABEL" description="COM_MODULES_FIELD_CACHING_DESC">
					<option value="1">JGLOBAL_USE_GLOBAL</option>
					<option value="0">COM_MODULES_FIELD_VALUE_NOCACHING</option>
				</field>

				<field name="cache_time" type="text" default="900" label="COM_MODULES_FIELD_CACHE_TIME_LABEL" description="COM_MODULES_FIELD_CACHE_TIME_DESC" />

				<field name="cachemode" type="hidden" default="itemid">
					<option value="itemid"></option>
				</field>

			</fieldset>
		</fields>
	</config>
</extension>
