<?xml version="1.0" encoding="UTF-8" ?>
<extension type="package" version="3.0">
  <name>EZ Feeds Package</name>
  <author>Kathy Strickland</author>
  <creationDate>20th May 2014</creationDate>
  <packagename>ezfeeds</packagename>
  <version>3.1.0</version>
  <url>http://www.justjoomla.com</url>
  <packager>JustJoomla</packager>
  <packagerurl>http://www.justjoomla.com</packagerurl>
  <description>This component allows you to run the export feeds for EZ Realty, EZ Autos and EZ Clubs on Joomla 3x</description>
  <files folder="packages">
    <file type="component" id="com_ezfeeds">com_ezfeeds.zip</file>
  </files>
</extension>