<?xml version="1.0" encoding="UTF-8" ?>
<extension type="package" version="3.0">
  <name>EZ Realty Package</name>
  <author>Kathy Strickland - Neil Clifton</author>
  <creationDate>1st May 2016</creationDate>
  <packagename>ezrealty</packagename>
  <version>7.2.1</version>
  <url>http://cliftonwebfoundry.com.au</url>
  <packager>Clifton Web Foundry</packager>
  <packagerurl>http://cliftonwebfoundry.com.au</packagerurl>
  <description>The EZ Realty realestate system for Joomla!</description>
  <files folder="packages">
    <file type="component" id="com_ezrealty">com_ezrealty_7.2.1.zip</file>
    <file type="module" id="mod_ezrealty_accordion" client="site">mod_ezrealty_accordion_1.0.2.zip</file>
    <file type="module" id="mod_ezrealty_carousel" client="site">mod_ezrealty_carousel_3.0.6.zip</file>
    <file type="module" id="mod_ezrealty_lists" client="site">mod_ezrealty_lists_2.0.3.zip</file>
    <file type="module" id="mod_ezrealty_map" client="site">mod_ezrealty_map_3.0.6.zip</file>
    <file type="module" id="mod_ezrealty_multidisplay" client="site">mod_ezrealty_multidisplay_3.0.7.zip</file>
    <file type="module" id="mod_ezrealty_patchwork" client="site">mod_ezrealty_patchwork_3.0.4.zip</file>
    <file type="module" id="mod_ezrealty_search" client="site">mod_ezrealty_search_4.0.6.zip</file>
    <file type="module" id="mod_ezrealty_slideshow" client="site">mod_ezrealty_slideshow_1.0.3.zip</file>
  </files>
</extension>