<?xml version="1.0" ?>
<falang type="contentelement">
	<name>EZ Portal</name>
	<author>Kathy Strickland</author>
	<version>2.1.0</version>
	<description>Language definitions for EZ Portal Seller Profiles by justjoomla.com. This file is for EZ Portal V3.1x on Joomla 3x.</description>
	<copyright>Kathy Strickland</copyright>
	<reference>
		<table name="ezportal">
			<field type="referenceid" name="id" translate="0">ID</field>
			<field type="titletext" name="seller_name" translate="1">Seller name</field>
			<field type="text" name="seller_company" translate="1">Company</field>
			<field type="text" name="job_title" translate="1">Job Title</field>
			<field type="htmltext" name="seller_info" translate="1">Introduction</field>
			<field type="htmltext" name="seller_bio" translate="1">Bio</field>
			<field type="text" name="seller_unitnum" translate="1">Unit number</field>
			<field type="text" name="seller_address1" translate="1">Street number</field>
			<field type="text" name="seller_address2" translate="1">Street name</field>
			<field type="text" name="seller_suburb" translate="1">Locality</field>
			<field type="text" name="seller_pcode" translate="1">Zip/Postcode</field>
			<field type="text" name="seller_state" translate="1">State</field>
			<field type="text" name="seller_country" translate="1">Country</field>
			<field type="text" name="seller_phone" translate="1">Telephone</field>
			<field type="text" name="seller_fax" translate="1">Fax</field>
			<field type="text" name="seller_mobile" translate="1">Mobile phone</field>
			<field type="text" name="seller_sms" translate="1">SMS number</field>
			<field type="text" name="metadesc" translate="1">Meta description</field>
			<field type="text" name="metakey" translate="1">Meta keywords</field>
			<field type="checked_out_by" name="checked_out" translate="0">Check out by</field>
			<field type="checked_out_date" name="checked_out_time" translate="0">Check out date</field>
		</table>
	</reference>
</falang>