<?xml version="1.0" ?>
<falang type="contentelement">
  <name>EZ Realty</name>
  <author>Kathy Strickland</author>
  <version>2.1.0</version>
  <description>Language definitions for EZ Realty property listings by justjoomla.com. This file is for EZ Realty V7.1x on Joomla 3x.</description>
  <copyright>Kathy Strickland</copyright>
  <reference>
		<table name="ezrealty">
			<field type="referenceid" name="id" translate="0">ID</field>
			<field type="titletext" name="adline" translate="1">Adline</field>
			<field type="text" name="priceview" translate="1">Price View</field>
			<field type="text" name="smalldesc" translate="1">Short Description</field>
			<field type="htmltext" name="propdesc" translate="1">Main Description</field>
			<field type="text" name="bldg_name" translate="1">Building Name</field>
			<field type="text" name="unit_num" translate="1">Flat/Unit Number</field>
			<field type="text" name="lot_num" translate="1">Lot Number</field>
			<field type="text" name="street_num" translate="1">Street Number</field>
			<field type="text" name="address2" translate="1">Street Name</field>
			<field type="text" name="postcode" translate="1">Zip/Postcode</field>
			<field type="text" name="county" translate="1">County/Municipality</field>
			<field type="text" name="locality" translate="1">Locality</field>
			<field type="text" name="state" translate="1">State</field>
			<field type="text" name="country" translate="1">Country</field>
			<field type="text" name="year" translate="1">Year</field>
			<field type="text" name="yearRemodeled" translate="1">Year Remodeled</field>
			<field type="text" name="houseStyle" translate="1">House Style</field>
			<field type="text" name="houseConstruction" translate="1">House Construction</field>
			<field type="text" name="exteriorFinish" translate="1">Exterior Finish</field>
			<field type="text" name="roof" translate="1">Roof</field>
			<field type="text" name="flooring" translate="1">Flooring</field>
			<field type="text" name="porchPatio" translate="1">Porch/Patio</field>
			<field type="text" name="landtype" translate="1">Landtype</field>
			<field type="text" name="frontage" translate="1">Frontage</field>
			<field type="text" name="depth" translate="1">Depth</field>
			<field type="text" name="subdivision" translate="1">Subdivision</field>
			<field type="text" name="LandAreaSqFt" translate="1">Land Area Sq Ft</field>
			<field type="text" name="AcresTotal" translate="1">Acres Total</field>
			<field type="text" name="LotDimensions" translate="1">Lot Dimensions</field>
			<field type="text" name="bedrooms" translate="1">Bedrooms</field>
			<field type="text" name="sleeps" translate="1">Sleeps</field>
			<field type="text" name="totalrooms" translate="1">Total rooms</field>
			<field type="text" name="otherrooms" translate="1">Other rooms</field>
			<field type="text" name="livingarea" translate="1">Living area</field>
			<field type="text" name="bathrooms" translate="1">Total Bathrooms</field>
			<field type="text" name="fullBaths" translate="1">Full Bathrooms</field>
			<field type="text" name="thqtrBaths" translate="1">Three-quarter Bathrooms</field>
			<field type="text" name="halfBaths" translate="1">Half Bathrooms</field>
			<field type="text" name="qtrBaths" translate="1">Quarter Bathrooms</field>
			<field type="text" name="parking" translate="1">Parking</field>
			<field type="text" name="garageDescription" translate="1">Garage Description</field>
			<field type="text" name="parkingGarage" translate="1">Parking Garage</field>
			<field type="text" name="parkingCarport" translate="1">Parking Carport</field>
			<field type="text" name="stories" translate="1">Floors</field>
			<field type="text" name="ctown" translate="1">Closest town</field>
			<field type="text" name="ctport" translate="1">Closest transport</field>
			<field type="text" name="schooldist" translate="1">School district</field>
			<field type="text" name="preschool" translate="1">Preschool</field>
			<field type="text" name="primaryschool" translate="1">Primary school</field>
			<field type="text" name="highschool" translate="1">High school</field>
			<field type="text" name="university" translate="1">University</field>
			<field type="text" name="hofees" translate="1">Home owner Association Fees</field>
			<field type="text" name="AnnualInsurance" translate="1">Annual Insurance</field>
			<field type="text" name="TaxAnnual" translate="1">Tax Annual</field>
			<field type="text" name="TaxYear" translate="1">Tax Year</field>
			<field type="text" name="Utlities" translate="1">Utlities</field>
			<field type="text" name="ElectricService" translate="1">Electric Service</field>
			<field type="text" name="AverageUtilElec" translate="1">Average Util Elec</field>
			<field type="text" name="AverageUtilHeat" translate="1">Average Util Heat</field>
			<field type="text" name="BasementAndFoundation" translate="1">Basement And Foundation</field>
			<field type="text" name="BasementSize" translate="1">Basement Size</field>
			<field type="text" name="BasementPctFinished" translate="1">Basement Pct Finished</field>
			<field type="text" name="appliances" translate="1">Appliances</field>
			<field type="text" name="indoorfeatures" translate="1">Indoor features</field>
			<field type="text" name="outdoorfeatures" translate="1">Outdoor features</field>
			<field type="text" name="buildingfeatures" translate="1">Building features</field>
			<field type="text" name="communityfeatures" translate="1">Community features</field>
			<field type="text" name="otherfeatures" translate="1">Other features</field>
			<field type="text" name="custom1" translate="1">Custom 1</field>
			<field type="text" name="custom2" translate="1">Custom 2</field>
			<field type="text" name="custom3" translate="1">Custom 3</field>
			<field type="text" name="custom4" translate="1">Custom 4</field>
			<field type="text" name="custom5" translate="1">Custom 5</field>
			<field type="text" name="custom6" translate="1">Custom 6</field>
			<field type="text" name="custom7" translate="1">Custom 7</field>
			<field type="text" name="custom8" translate="1">Custom 8</field>
			<field type="text" name="takings" translate="1">Takings</field>
			<field type="text" name="returns" translate="1">Returns</field>
			<field type="text" name="netprofit" translate="1">Net profit</field>
			<field type="text" name="bustype" translate="1">Business type</field>
			<field type="text" name="bussubtype" translate="1">Business sub-type</field>
			<field type="text" name="stock" translate="1">Stock</field>
			<field type="text" name="fixtures" translate="1">Fixtures</field>
			<field type="text" name="fittings" translate="1">Fittings</field>
			<field type="text" name="squarefeet" translate="1">Square feet</field>
			<field type="text" name="SqFtLower" translate="1">SqFtLower</field>
			<field type="text" name="SqFtMainLevel" translate="1">SqFtMainLevel</field>
			<field type="text" name="SqFtUpper" translate="1">SqFtUpper</field>
			<field type="text" name="percentoffice" translate="1">Percent office</field>
			<field type="text" name="percentwarehouse" translate="1">Percent warehouse</field>
			<field type="text" name="loadingfac" translate="1">Loading facilities</field>
			<field type="text" name="fencing" translate="1">Fencing</field>
			<field type="text" name="rainfall" translate="1">Rainfall</field>
			<field type="text" name="soiltype" translate="1">Soiltype</field>
			<field type="text" name="grazing" translate="1">Grazing</field>
			<field type="text" name="cropping" translate="1">Cropping</field>
			<field type="text" name="irrigation" translate="1">Irrigation</field>
			<field type="text" name="waterresources" translate="1">Water resources</field>
			<field type="text" name="carryingcap" translate="1">Carrying capacity</field>
			<field type="text" name="storage" translate="1">Storage</field>
			<field type="text" name="services" translate="1">Services</field>
			<field type="text" name="ohouse_desc" translate="1">Openhouse Description</field>
			<field type="text" name="aucdet" translate="1">Auction Details</field>
			<field type="text" name="metadesc" translate="1">Meta description</field>
			<field type="text" name="metakey" translate="1">Meta keywords</field>
			<field type="checked_out_by" name="checked_out" translate="0">Check out by</field>
			<field type="checked_out_date" name="checked_out_time" translate="0">Check out date</field>
		</table>
  </reference>
</falang>