<?xml version="1.0" ?>
<falang type="contentelement">
  <name>EZ Realty State</name>
  <author>Kathy Strickland</author>
  <version>2.1.0</version>
  <description>Language definitions for EZ Realty States by justjoomla.com. This file is for EZ Realty V7.1x on Joomla 3x.</description>
  <copyright>Kathy Strickland</copyright>
  <reference>
		<table name="ezrealty_state">
			<field type="referenceid" name="id" translate="0">ID</field>
			<field type="titletext" name="name" translate="1">Name</field>
			<field type="text" name="metadesc" translate="1">Meta description</field>
			<field type="text" name="metakey" translate="1">Meta keywords</field>
			<field type="checked_out_by" name="checked_out" translate="0">Check out by</field>
			<field type="checked_out_date" name="checked_out_time" translate="0">Check out date</field>
		</table>
  </reference>
</falang>